"TIME","GEO","AGE","UNIT","SEX","Value","Flag and Footnotes"
"2000","European Union (current composition)","Total","Percentage of total population","Total",":",""
"2000","European Union (before the accession of Croatia)","Total","Percentage of total population","Total",":",""
"2000","Belgium","Total","Percentage of total population","Total","3.9",""
"2000","Bulgaria","Total","Percentage of total population","Total","8.9",""
"2000","Czechia","Total","Percentage of total population","Total","5.6",""
"2000","Denmark","Total","Percentage of total population","Total","3.3",""
"2000","Germany (until 1990 former territory of the FRG)","Total","Percentage of total population","Total",":",""
"2000","Estonia","Total","Percentage of total population","Total","9.3",""
"2000","Ireland","Total","Percentage of total population","Total","2.7",""
"2000","Greece","Total","Percentage of total population","Total","6.3",""
"2000","Spain","Total","Percentage of total population","Total","6.8",""
"2000","France","Total","Percentage of total population","Total",":",""
"2000","Croatia","Total","Percentage of total population","Total",":",""
"2000","Italy","Total","Percentage of total population","Total","5.4",""
"2000","Cyprus","Total","Percentage of total population","Total",":",""
"2000","Latvia","Total","Percentage of total population","Total",":",""
"2000","Lithuania","Total","Percentage of total population","Total",":",""
"2000","Luxembourg","Total","Percentage of total population","Total",":",""
"2000","Hungary","Total","Percentage of total population","Total","3.4",""
"2000","Malta","Total","Percentage of total population","Total",":",""
"2000","Netherlands","Total","Percentage of total population","Total","1.9",""
"2000","Austria","Total","Percentage of total population","Total","2.2",""
"2000","Poland","Total","Percentage of total population","Total","9.7",""
"2000","Portugal","Total","Percentage of total population","Total","3.0",""
"2000","Romania","Total","Percentage of total population","Total","4.8",""
"2000","Slovenia","Total","Percentage of total population","Total","4.1",""
"2000","Slovakia","Total","Percentage of total population","Total","11.9",""
"2000","Finland","Total","Percentage of total population","Total","6.5",""
"2000","Sweden","Total","Percentage of total population","Total",":",""
"2000","United Kingdom","Total","Percentage of total population","Total","3.7",""
"2000","Iceland","Total","Percentage of total population","Total",":",""
"2000","Norway","Total","Percentage of total population","Total","2.4",""
"2000","Turkey","Total","Percentage of total population","Total",":",""
"2000","United States","Total","Percentage of total population","Total",":",""
"2000","Japan","Total","Percentage of total population","Total",":",""
"2001","European Union (current composition)","Total","Percentage of total population","Total",":",""
"2001","European Union (before the accession of Croatia)","Total","Percentage of total population","Total",":",""
"2001","Belgium","Total","Percentage of total population","Total","3.7",""
"2001","Bulgaria","Total","Percentage of total population","Total","11.1",""
"2001","Czechia","Total","Percentage of total population","Total","5.1",""
"2001","Denmark","Total","Percentage of total population","Total","3.3",""
"2001","Germany (until 1990 former territory of the FRG)","Total","Percentage of total population","Total",":",""
"2001","Estonia","Total","Percentage of total population","Total","8.2",""
"2001","Ireland","Total","Percentage of total population","Total","2.5",""
"2001","Greece","Total","Percentage of total population","Total","5.9",""
"2001","Spain","Total","Percentage of total population","Total","6.0",""
"2001","France","Total","Percentage of total population","Total",":",""
"2001","Croatia","Total","Percentage of total population","Total",":",""
"2001","Italy","Total","Percentage of total population","Total","4.9",""
"2001","Cyprus","Total","Percentage of total population","Total",":",""
"2001","Latvia","Total","Percentage of total population","Total",":",""
"2001","Lithuania","Total","Percentage of total population","Total",":",""
"2001","Luxembourg","Total","Percentage of total population","Total",":",""
"2001","Hungary","Total","Percentage of total population","Total","3.0",""
"2001","Malta","Total","Percentage of total population","Total",":",""
"2001","Netherlands","Total","Percentage of total population","Total","1.5",""
"2001","Austria","Total","Percentage of total population","Total","2.3",""
"2001","Poland","Total","Percentage of total population","Total","10.9",""
"2001","Portugal","Total","Percentage of total population","Total","3.0",""
"2001","Romania","Total","Percentage of total population","Total","4.3",""
"2001","Slovenia","Total","Percentage of total population","Total","3.8",""
"2001","Slovakia","Total","Percentage of total population","Total","12.4",""
"2001","Finland","Total","Percentage of total population","Total","6.1",""
"2001","Sweden","Total","Percentage of total population","Total","4.2","b"
"2001","United Kingdom","Total","Percentage of total population","Total","3.4",""
"2001","Iceland","Total","Percentage of total population","Total",":",""
"2001","Norway","Total","Percentage of total population","Total","2.6",""
"2001","Turkey","Total","Percentage of total population","Total",":",""
"2001","United States","Total","Percentage of total population","Total",":",""
"2001","Japan","Total","Percentage of total population","Total",":",""
"2002","European Union (current composition)","Total","Percentage of total population","Total",":",""
"2002","European Union (before the accession of Croatia)","Total","Percentage of total population","Total",":",""
"2002","Belgium","Total","Percentage of total population","Total","4.3",""
"2002","Bulgaria","Total","Percentage of total population","Total","9.9",""
"2002","Czechia","Total","Percentage of total population","Total","4.7",""
"2002","Denmark","Total","Percentage of total population","Total","3.3",""
"2002","Germany (until 1990 former territory of the FRG)","Total","Percentage of total population","Total",":",""
"2002","Estonia","Total","Percentage of total population","Total","7.0",""
"2002","Ireland","Total","Percentage of total population","Total","2.8",""
"2002","Greece","Total","Percentage of total population","Total","5.8",""
"2002","Spain","Total","Percentage of total population","Total","6.7",""
"2002","France","Total","Percentage of total population","Total",":",""
"2002","Croatia","Total","Percentage of total population","Total",":",""
"2002","Italy","Total","Percentage of total population","Total","4.6",""
"2002","Cyprus","Total","Percentage of total population","Total",":",""
"2002","Latvia","Total","Percentage of total population","Total","7.7",""
"2002","Lithuania","Total","Percentage of total population","Total","8.6",""
"2002","Luxembourg","Total","Percentage of total population","Total",":",""
"2002","Hungary","Total","Percentage of total population","Total","3.1",""
"2002","Malta","Total","Percentage of total population","Total","3.6",""
"2002","Netherlands","Total","Percentage of total population","Total","1.9","d"
"2002","Austria","Total","Percentage of total population","Total","2.5",""
"2002","Poland","Total","Percentage of total population","Total","11.8",""
"2002","Portugal","Total","Percentage of total population","Total","3.8",""
"2002","Romania","Total","Percentage of total population","Total","5.1",""
"2002","Slovenia","Total","Percentage of total population","Total","3.9",""
"2002","Slovakia","Total","Percentage of total population","Total","11.9",""
"2002","Finland","Total","Percentage of total population","Total","6.1",""
"2002","Sweden","Total","Percentage of total population","Total","4.3",""
"2002","United Kingdom","Total","Percentage of total population","Total","3.5",""
"2002","Iceland","Total","Percentage of total population","Total",":",""
"2002","Norway","Total","Percentage of total population","Total","2.8",""
"2002","Turkey","Total","Percentage of total population","Total",":",""
"2002","United States","Total","Percentage of total population","Total",":",""
"2002","Japan","Total","Percentage of total population","Total",":",""
"2003","European Union (current composition)","Total","Percentage of total population","Total",":",""
"2003","European Union (before the accession of Croatia)","Total","Percentage of total population","Total",":",""
"2003","Belgium","Total","Percentage of total population","Total","4.7",""
"2003","Bulgaria","Total","Percentage of total population","Total","7.3",""
"2003","Czechia","Total","Percentage of total population","Total","5.0",""
"2003","Denmark","Total","Percentage of total population","Total","3.9",""
"2003","Germany (until 1990 former territory of the FRG)","Total","Percentage of total population","Total",":",""
"2003","Estonia","Total","Percentage of total population","Total","6.6",""
"2003","Ireland","Total","Percentage of total population","Total","3.0",""
"2003","Greece","Total","Percentage of total population","Total","5.6","d"
"2003","Spain","Total","Percentage of total population","Total","6.9",""
"2003","France","Total","Percentage of total population","Total","5.0",""
"2003","Croatia","Total","Percentage of total population","Total",":",""
"2003","Italy","Total","Percentage of total population","Total","4.6",""
"2003","Cyprus","Total","Percentage of total population","Total","3.7",""
"2003","Latvia","Total","Percentage of total population","Total","7.2",""
"2003","Lithuania","Total","Percentage of total population","Total","7.8",""
"2003","Luxembourg","Total","Percentage of total population","Total","2.1",""
"2003","Hungary","Total","Percentage of total population","Total","3.2",""
"2003","Malta","Total","Percentage of total population","Total","4.0",""
"2003","Netherlands","Total","Percentage of total population","Total","2.6",""
"2003","Austria","Total","Percentage of total population","Total","2.8","d"
"2003","Poland","Total","Percentage of total population","Total","11.4",""
"2003","Portugal","Total","Percentage of total population","Total","4.7",""
"2003","Romania","Total","Percentage of total population","Total","4.1","d"
"2003","Slovenia","Total","Percentage of total population","Total","4.0",""
"2003","Slovakia","Total","Percentage of total population","Total","11.2",""
"2003","Finland","Total","Percentage of total population","Total","6.0",""
"2003","Sweden","Total","Percentage of total population","Total","4.8",""
"2003","United Kingdom","Total","Percentage of total population","Total","3.4",""
"2003","Iceland","Total","Percentage of total population","Total","2.7",""
"2003","Norway","Total","Percentage of total population","Total","2.9",""
"2003","Turkey","Total","Percentage of total population","Total",":",""
"2003","United States","Total","Percentage of total population","Total",":",""
"2003","Japan","Total","Percentage of total population","Total",":",""
"2004","European Union (current composition)","Total","Percentage of total population","Total",":",""
"2004","European Union (before the accession of Croatia)","Total","Percentage of total population","Total",":",""
"2004","Belgium","Total","Percentage of total population","Total","4.9",""
"2004","Bulgaria","Total","Percentage of total population","Total","6.6",""
"2004","Czechia","Total","Percentage of total population","Total","5.3",""
"2004","Denmark","Total","Percentage of total population","Total","4.0",""
"2004","Germany (until 1990 former territory of the FRG)","Total","Percentage of total population","Total",":",""
"2004","Estonia","Total","Percentage of total population","Total","6.5",""
"2004","Ireland","Total","Percentage of total population","Total","2.9",""
"2004","Greece","Total","Percentage of total population","Total","6.1",""
"2004","Spain","Total","Percentage of total population","Total","6.7",""
"2004","France","Total","Percentage of total population","Total","5.2",""
"2004","Croatia","Total","Percentage of total population","Total",":",""
"2004","Italy","Total","Percentage of total population","Total","4.4",""
"2004","Cyprus","Total","Percentage of total population","Total","3.4","d"
"2004","Latvia","Total","Percentage of total population","Total","7.3",""
"2004","Lithuania","Total","Percentage of total population","Total","6.7",""
"2004","Luxembourg","Total","Percentage of total population","Total","3.0",""
"2004","Hungary","Total","Percentage of total population","Total","3.3",""
"2004","Malta","Total","Percentage of total population","Total","3.8",""
"2004","Netherlands","Total","Percentage of total population","Total","3.2",""
"2004","Austria","Total","Percentage of total population","Total","3.5",""
"2004","Poland","Total","Percentage of total population","Total","11.1",""
"2004","Portugal","Total","Percentage of total population","Total","5.0",""
"2004","Romania","Total","Percentage of total population","Total","4.7",""
"2004","Slovenia","Total","Percentage of total population","Total","4.0",""
"2004","Slovakia","Total","Percentage of total population","Total","11.6",""
"2004","Finland","Total","Percentage of total population","Total","5.8",""
"2004","Sweden","Total","Percentage of total population","Total","5.4",""
"2004","United Kingdom","Total","Percentage of total population","Total","3.2",""
"2004","Iceland","Total","Percentage of total population","Total","2.4",""
"2004","Norway","Total","Percentage of total population","Total","3.0",""
"2004","Turkey","Total","Percentage of total population","Total",":",""
"2004","United States","Total","Percentage of total population","Total",":",""
"2004","Japan","Total","Percentage of total population","Total",":",""
"2005","European Union (current composition)","Total","Percentage of total population","Total","5.5",""
"2005","European Union (before the accession of Croatia)","Total","Percentage of total population","Total","5.5",""
"2005","Belgium","Total","Percentage of total population","Total","5.0",""
"2005","Bulgaria","Total","Percentage of total population","Total","5.5",""
"2005","Czechia","Total","Percentage of total population","Total","5.1",""
"2005","Denmark","Total","Percentage of total population","Total","3.5",""
"2005","Germany (until 1990 former territory of the FRG)","Total","Percentage of total population","Total","7.2","d"
"2005","Estonia","Total","Percentage of total population","Total","5.1",""
"2005","Ireland","Total","Percentage of total population","Total","2.9",""
"2005","Greece","Total","Percentage of total population","Total","5.8",""
"2005","Spain","Total","Percentage of total population","Total","5.7",""
"2005","France","Total","Percentage of total population","Total","5.3",""
"2005","Croatia","Total","Percentage of total population","Total","7.1",""
"2005","Italy","Total","Percentage of total population","Total","4.2",""
"2005","Cyprus","Total","Percentage of total population","Total","3.6",""
"2005","Latvia","Total","Percentage of total population","Total","6.2",""
"2005","Lithuania","Total","Percentage of total population","Total","5.1",""
"2005","Luxembourg","Total","Percentage of total population","Total","2.7",""
"2005","Hungary","Total","Percentage of total population","Total","3.9",""
"2005","Malta","Total","Percentage of total population","Total","3.6",""
"2005","Netherlands","Total","Percentage of total population","Total","3.3",""
"2005","Austria","Total","Percentage of total population","Total","3.6",""
"2005","Poland","Total","Percentage of total population","Total","10.4",""
"2005","Portugal","Total","Percentage of total population","Total","5.7",""
"2005","Romania","Total","Percentage of total population","Total","4.1",""
"2005","Slovenia","Total","Percentage of total population","Total","4.2",""
"2005","Slovakia","Total","Percentage of total population","Total","10.3",""
"2005","Finland","Total","Percentage of total population","Total","5.6",""
"2005","Sweden","Total","Percentage of total population","Total","5.5",""
"2005","United Kingdom","Total","Percentage of total population","Total","3.2",""
"2005","Iceland","Total","Percentage of total population","Total","2.1",""
"2005","Norway","Total","Percentage of total population","Total","3.2",""
"2005","Turkey","Total","Percentage of total population","Total","8.8",""
"2005","United States","Total","Percentage of total population","Total",":",""
"2005","Japan","Total","Percentage of total population","Total",":",""
"2006","European Union (current composition)","Total","Percentage of total population","Total","5.1",""
"2006","European Union (before the accession of Croatia)","Total","Percentage of total population","Total","5.1",""
"2006","Belgium","Total","Percentage of total population","Total","4.9",""
"2006","Bulgaria","Total","Percentage of total population","Total","5.1",""
"2006","Czechia","Total","Percentage of total population","Total","4.6",""
"2006","Denmark","Total","Percentage of total population","Total","2.8","d"
"2006","Germany (until 1990 former territory of the FRG)","Total","Percentage of total population","Total","6.6",""
"2006","Estonia","Total","Percentage of total population","Total","3.9",""
"2006","Ireland","Total","Percentage of total population","Total","3.0",""
"2006","Greece","Total","Percentage of total population","Total","5.3",""
"2006","Spain","Total","Percentage of total population","Total","5.4",""
"2006","France","Total","Percentage of total population","Total","5.2",""
"2006","Croatia","Total","Percentage of total population","Total","6.4","d"
"2006","Italy","Total","Percentage of total population","Total","3.7",""
"2006","Cyprus","Total","Percentage of total population","Total","3.1",""
"2006","Latvia","Total","Percentage of total population","Total","4.5",""
"2006","Lithuania","Total","Percentage of total population","Total","3.5",""
"2006","Luxembourg","Total","Percentage of total population","Total","2.8","d"
"2006","Hungary","Total","Percentage of total population","Total","4.1",""
"2006","Malta","Total","Percentage of total population","Total","3.6",""
"2006","Netherlands","Total","Percentage of total population","Total","2.7",""
"2006","Austria","Total","Percentage of total population","Total","3.4",""
"2006","Poland","Total","Percentage of total population","Total","8.0",""
"2006","Portugal","Total","Percentage of total population","Total","5.7",""
"2006","Romania","Total","Percentage of total population","Total","4.3",""
"2006","Slovenia","Total","Percentage of total population","Total","3.8",""
"2006","Slovakia","Total","Percentage of total population","Total","8.4",""
"2006","Finland","Total","Percentage of total population","Total","5.2",""
"2006","Sweden","Total","Percentage of total population","Total","5.0",""
"2006","United Kingdom","Total","Percentage of total population","Total","3.7",""
"2006","Iceland","Total","Percentage of total population","Total","2.3",""
"2006","Norway","Total","Percentage of total population","Total","2.4","b"
"2006","Turkey","Total","Percentage of total population","Total","4.1",""
"2006","United States","Total","Percentage of total population","Total",":",""
"2006","Japan","Total","Percentage of total population","Total",":",""
"2007","European Union (current composition)","Total","Percentage of total population","Total","4.5",""
"2007","European Union (before the accession of Croatia)","Total","Percentage of total population","Total","4.5",""
"2007","Belgium","Total","Percentage of total population","Total","4.5",""
"2007","Bulgaria","Total","Percentage of total population","Total","4.0",""
"2007","Czechia","Total","Percentage of total population","Total","3.4",""
"2007","Denmark","Total","Percentage of total population","Total","2.7",""
"2007","Germany (until 1990 former territory of the FRG)","Total","Percentage of total population","Total","5.6",""
"2007","Estonia","Total","Percentage of total population","Total","3.0",""
"2007","Ireland","Total","Percentage of total population","Total","3.5",""
"2007","Greece","Total","Percentage of total population","Total","4.9",""
"2007","Spain","Total","Percentage of total population","Total","5.3",""
"2007","France","Total","Percentage of total population","Total","4.8",""
"2007","Croatia","Total","Percentage of total population","Total","5.7",""
"2007","Italy","Total","Percentage of total population","Total","3.3",""
"2007","Cyprus","Total","Percentage of total population","Total","2.7",""
"2007","Latvia","Total","Percentage of total population","Total","4.0",""
"2007","Lithuania","Total","Percentage of total population","Total","2.6",""
"2007","Luxembourg","Total","Percentage of total population","Total","2.4",""
"2007","Hungary","Total","Percentage of total population","Total","4.1",""
"2007","Malta","Total","Percentage of total population","Total","3.4",""
"2007","Netherlands","Total","Percentage of total population","Total","2.3",""
"2007","Austria","Total","Percentage of total population","Total","3.2",""
"2007","Poland","Total","Percentage of total population","Total","5.5",""
"2007","Portugal","Total","Percentage of total population","Total","6.0",""
"2007","Romania","Total","Percentage of total population","Total","3.8",""
"2007","Slovenia","Total","Percentage of total population","Total","3.1",""
"2007","Slovakia","Total","Percentage of total population","Total","7.0",""
"2007","Finland","Total","Percentage of total population","Total","4.6",""
"2007","Sweden","Total","Percentage of total population","Total","4.4",""
"2007","United Kingdom","Total","Percentage of total population","Total","3.6",""
"2007","Iceland","Total","Percentage of total population","Total","1.9",""
"2007","Norway","Total","Percentage of total population","Total","1.8",""
"2007","Turkey","Total","Percentage of total population","Total","4.2","b"
"2007","United States","Total","Percentage of total population","Total",":",""
"2007","Japan","Total","Percentage of total population","Total",":",""
"2008","European Union (current composition)","Total","Percentage of total population","Total","4.4",""
"2008","European Union (before the accession of Croatia)","Total","Percentage of total population","Total","4.4",""
"2008","Belgium","Total","Percentage of total population","Total","4.2",""
"2008","Bulgaria","Total","Percentage of total population","Total","3.4",""
"2008","Czechia","Total","Percentage of total population","Total","2.8",""
"2008","Denmark","Total","Percentage of total population","Total","2.5",""
"2008","Germany (until 1990 former territory of the FRG)","Total","Percentage of total population","Total","4.9",""
"2008","Estonia","Total","Percentage of total population","Total","3.7","d"
"2008","Ireland","Total","Percentage of total population","Total","4.8",""
"2008","Greece","Total","Percentage of total population","Total","4.6",""
"2008","Spain","Total","Percentage of total population","Total","7.4",""
"2008","France","Total","Percentage of total population","Total","4.4",""
"2008","Croatia","Total","Percentage of total population","Total","5.0",""
"2008","Italy","Total","Percentage of total population","Total","3.7",""
"2008","Cyprus","Total","Percentage of total population","Total","2.5",""
"2008","Latvia","Total","Percentage of total population","Total","5.2",""
"2008","Lithuania","Total","Percentage of total population","Total","3.6",""
"2008","Luxembourg","Total","Percentage of total population","Total","3.0",""
"2008","Hungary","Total","Percentage of total population","Total","4.2","d"
"2008","Malta","Total","Percentage of total population","Total","3.2",""
"2008","Netherlands","Total","Percentage of total population","Total","2.0",""
"2008","Austria","Total","Percentage of total population","Total","2.7",""
"2008","Poland","Total","Percentage of total population","Total","4.1",""
"2008","Portugal","Total","Percentage of total population","Total","5.7",""
"2008","Romania","Total","Percentage of total population","Total","3.4",""
"2008","Slovenia","Total","Percentage of total population","Total","2.8",""
"2008","Slovakia","Total","Percentage of total population","Total","6.0",""
"2008","Finland","Total","Percentage of total population","Total","4.3",""
"2008","Sweden","Total","Percentage of total population","Total","4.4",""
"2008","United Kingdom","Total","Percentage of total population","Total","3.9",""
"2008","Iceland","Total","Percentage of total population","Total","2.4",""
"2008","Norway","Total","Percentage of total population","Total","1.9",""
"2008","Turkey","Total","Percentage of total population","Total","4.7",""
"2008","United States","Total","Percentage of total population","Total",":",""
"2008","Japan","Total","Percentage of total population","Total",":",""
"2009","European Union (current composition)","Total","Percentage of total population","Total","5.6",""
"2009","European Union (before the accession of Croatia)","Total","Percentage of total population","Total","5.6",""
"2009","Belgium","Total","Percentage of total population","Total","4.7",""
"2009","Bulgaria","Total","Percentage of total population","Total","4.0",""
"2009","Czechia","Total","Percentage of total population","Total","4.2",""
"2009","Denmark","Total","Percentage of total population","Total","4.3",""
"2009","Germany (until 1990 former territory of the FRG)","Total","Percentage of total population","Total","5.1",""
"2009","Estonia","Total","Percentage of total population","Total","9.0",""
"2009","Ireland","Total","Percentage of total population","Total","8.6",""
"2009","Greece","Total","Percentage of total population","Total","5.7",""
"2009","Spain","Total","Percentage of total population","Total","11.7",""
"2009","France","Total","Percentage of total population","Total","5.5",""
"2009","Croatia","Total","Percentage of total population","Total","5.4",""
"2009","Italy","Total","Percentage of total population","Total","4.2",""
"2009","Cyprus","Total","Percentage of total population","Total","3.6",""
"2009","Latvia","Total","Percentage of total population","Total","11.5",""
"2009","Lithuania","Total","Percentage of total population","Total","8.6",""
"2009","Luxembourg","Total","Percentage of total population","Total","3.1",""
"2009","Hungary","Total","Percentage of total population","Total","5.4",""
"2009","Malta","Total","Percentage of total population","Total","3.7",""
"2009","Netherlands","Total","Percentage of total population","Total","2.5",""
"2009","Austria","Total","Percentage of total population","Total","3.5",""
"2009","Poland","Total","Percentage of total population","Total","4.8","d"
"2009","Portugal","Total","Percentage of total population","Total","7.0",""
"2009","Romania","Total","Percentage of total population","Total","4.0",""
"2009","Slovenia","Total","Percentage of total population","Total","3.8",""
"2009","Slovakia","Total","Percentage of total population","Total","7.6",""
"2009","Finland","Total","Percentage of total population","Total","5.5",""
"2009","Sweden","Total","Percentage of total population","Total","5.9",""
"2009","United Kingdom","Total","Percentage of total population","Total","5.2",""
"2009","Iceland","Total","Percentage of total population","Total","5.8",""
"2009","Norway","Total","Percentage of total population","Total","2.3",""
"2009","Turkey","Total","Percentage of total population","Total","6.1",""
"2009","United States","Total","Percentage of total population","Total",":",""
"2009","Japan","Total","Percentage of total population","Total",":",""
"2010","European Union (current composition)","Total","Percentage of total population","Total","6.1",""
"2010","European Union (before the accession of Croatia)","Total","Percentage of total population","Total","6.0",""
"2010","Belgium","Total","Percentage of total population","Total","5.0",""
"2010","Bulgaria","Total","Percentage of total population","Total","6.0","d"
"2010","Czechia","Total","Percentage of total population","Total","4.6",""
"2010","Denmark","Total","Percentage of total population","Total","5.3",""
"2010","Germany (until 1990 former territory of the FRG)","Total","Percentage of total population","Total","4.6",""
"2010","Estonia","Total","Percentage of total population","Total","11.1",""
"2010","Ireland","Total","Percentage of total population","Total","9.7",""
"2010","Greece","Total","Percentage of total population","Total","7.6",""
"2010","Spain","Total","Percentage of total population","Total","13.1",""
"2010","France","Total","Percentage of total population","Total","5.6",""
"2010","Croatia","Total","Percentage of total population","Total","6.7",""
"2010","Italy","Total","Percentage of total population","Total","4.6",""
"2010","Cyprus","Total","Percentage of total population","Total","4.3",""
"2010","Latvia","Total","Percentage of total population","Total","12.6",""
"2010","Lithuania","Total","Percentage of total population","Total","11.1",""
"2010","Luxembourg","Total","Percentage of total population","Total","2.7",""
"2010","Hungary","Total","Percentage of total population","Total","6.1",""
"2010","Malta","Total","Percentage of total population","Total","3.7",""
"2010","Netherlands","Total","Percentage of total population","Total","3.1",""
"2010","Austria","Total","Percentage of total population","Total","3.2",""
"2010","Poland","Total","Percentage of total population","Total","5.8",""
"2010","Portugal","Total","Percentage of total population","Total","8.0",""
"2010","Romania","Total","Percentage of total population","Total","4.2",""
"2010","Slovenia","Total","Percentage of total population","Total","4.7",""
"2010","Slovakia","Total","Percentage of total population","Total","9.1",""
"2010","Finland","Total","Percentage of total population","Total","5.6",""
"2010","Sweden","Total","Percentage of total population","Total","6.1",""
"2010","United Kingdom","Total","Percentage of total population","Total","5.3",""
"2010","Iceland","Total","Percentage of total population","Total","6.1",""
"2010","Norway","Total","Percentage of total population","Total","2.5",""
"2010","Turkey","Total","Percentage of total population","Total","5.3",""
"2010","United States","Total","Percentage of total population","Total",":",""
"2010","Japan","Total","Percentage of total population","Total",":",""
"2011","European Union (current composition)","Total","Percentage of total population","Total","6.1",""
"2011","European Union (before the accession of Croatia)","Total","Percentage of total population","Total","6.1",""
"2011","Belgium","Total","Percentage of total population","Total","4.2",""
"2011","Bulgaria","Total","Percentage of total population","Total","6.5",""
"2011","Czechia","Total","Percentage of total population","Total","4.2",""
"2011","Denmark","Total","Percentage of total population","Total","5.3",""
"2011","Germany (until 1990 former territory of the FRG)","Total","Percentage of total population","Total","3.9",""
"2011","Estonia","Total","Percentage of total population","Total","8.3",""
"2011","Ireland","Total","Percentage of total population","Total","10.2",""
"2011","Greece","Total","Percentage of total population","Total","10.6",""
"2011","Spain","Total","Percentage of total population","Total","14.2",""
"2011","France","Total","Percentage of total population","Total","5.5",""
"2011","Croatia","Total","Percentage of total population","Total","7.8",""
"2011","Italy","Total","Percentage of total population","Total","4.6",""
"2011","Cyprus","Total","Percentage of total population","Total","5.3",""
"2011","Latvia","Total","Percentage of total population","Total","10.4",""
"2011","Lithuania","Total","Percentage of total population","Total","9.8",""
"2011","Luxembourg","Total","Percentage of total population","Total","3.0",""
"2011","Hungary","Total","Percentage of total population","Total","6.1",""
"2011","Malta","Total","Percentage of total population","Total","3.5",""
"2011","Netherlands","Total","Percentage of total population","Total","3.5",""
"2011","Austria","Total","Percentage of total population","Total","3.0",""
"2011","Poland","Total","Percentage of total population","Total","5.8",""
"2011","Portugal","Total","Percentage of total population","Total","8.6",""
"2011","Romania","Total","Percentage of total population","Total","4.2",""
"2011","Slovenia","Total","Percentage of total population","Total","5.2",""
"2011","Slovakia","Total","Percentage of total population","Total","8.6","d"
"2011","Finland","Total","Percentage of total population","Total","5.2",""
"2011","Sweden","Total","Percentage of total population","Total","5.5",""
"2011","United Kingdom","Total","Percentage of total population","Total","5.5",""
"2011","Iceland","Total","Percentage of total population","Total","5.6",""
"2011","Norway","Total","Percentage of total population","Total","2.3",""
"2011","Turkey","Total","Percentage of total population","Total","4.5",""
"2011","United States","Total","Percentage of total population","Total",":",""
"2011","Japan","Total","Percentage of total population","Total",":",""
"2012","European Union (current composition)","Total","Percentage of total population","Total","6.7",""
"2012","European Union (before the accession of Croatia)","Total","Percentage of total population","Total","6.6",""
"2012","Belgium","Total","Percentage of total population","Total","4.5",""
"2012","Bulgaria","Total","Percentage of total population","Total","7.2",""
"2012","Czechia","Total","Percentage of total population","Total","4.4",""
"2012","Denmark","Total","Percentage of total population","Total","5.2",""
"2012","Germany (until 1990 former territory of the FRG)","Total","Percentage of total population","Total","3.6",""
"2012","Estonia","Total","Percentage of total population","Total","6.8",""
"2012","Ireland","Total","Percentage of total population","Total","10.2",""
"2012","Greece","Total","Percentage of total population","Total","14.5",""
"2012","Spain","Total","Percentage of total population","Total","16.5",""
"2012","France","Total","Percentage of total population","Total","5.9",""
"2012","Croatia","Total","Percentage of total population","Total","9.1",""
"2012","Italy","Total","Percentage of total population","Total","5.9",""
"2012","Cyprus","Total","Percentage of total population","Total","8.0",""
"2012","Latvia","Total","Percentage of total population","Total","9.9",""
"2012","Lithuania","Total","Percentage of total population","Total","8.6",""
"2012","Luxembourg","Total","Percentage of total population","Total","3.2",""
"2012","Hungary","Total","Percentage of total population","Total","6.2",""
"2012","Malta","Total","Percentage of total population","Total","3.5",""
"2012","Netherlands","Total","Percentage of total population","Total","4.1",""
"2012","Austria","Total","Percentage of total population","Total","3.2",""
"2012","Poland","Total","Percentage of total population","Total","6.1",""
"2012","Portugal","Total","Percentage of total population","Total","10.5",""
"2012","Romania","Total","Percentage of total population","Total","4.1",""
"2012","Slovenia","Total","Percentage of total population","Total","5.6",""
"2012","Slovakia","Total","Percentage of total population","Total","8.8",""
"2012","Finland","Total","Percentage of total population","Total","5.1",""
"2012","Sweden","Total","Percentage of total population","Total","5.7",""
"2012","United Kingdom","Total","Percentage of total population","Total","5.4",""
"2012","Iceland","Total","Percentage of total population","Total","4.8",""
"2012","Norway","Total","Percentage of total population","Total","2.2",""
"2012","Turkey","Total","Percentage of total population","Total","4.2",""
"2012","United States","Total","Percentage of total population","Total",":",""
"2012","Japan","Total","Percentage of total population","Total",":",""
"2013","European Union (current composition)","Total","Percentage of total population","Total","6.9",""
"2013","European Union (before the accession of Croatia)","Total","Percentage of total population","Total","6.9",""
"2013","Belgium","Total","Percentage of total population","Total","5.1",""
"2013","Bulgaria","Total","Percentage of total population","Total","7.7",""
"2013","Czechia","Total","Percentage of total population","Total","4.5",""
"2013","Denmark","Total","Percentage of total population","Total","4.8",""
"2013","Germany (until 1990 former territory of the FRG)","Total","Percentage of total population","Total","3.6",""
"2013","Estonia","Total","Percentage of total population","Total","5.9",""
"2013","Ireland","Total","Percentage of total population","Total","9.1",""
"2013","Greece","Total","Percentage of total population","Total","16.3",""
"2013","Spain","Total","Percentage of total population","Total","17.3",""
"2013","France","Total","Percentage of total population","Total","6.3",""
"2013","Croatia","Total","Percentage of total population","Total","9.8",""
"2013","Italy","Total","Percentage of total population","Total","6.7",""
"2013","Cyprus","Total","Percentage of total population","Total","10.7",""
"2013","Latvia","Total","Percentage of total population","Total","7.8",""
"2013","Lithuania","Total","Percentage of total population","Total","7.6",""
"2013","Luxembourg","Total","Percentage of total population","Total","3.7",""
"2013","Hungary","Total","Percentage of total population","Total","5.8",""
"2013","Malta","Total","Percentage of total population","Total","3.6",""
"2013","Netherlands","Total","Percentage of total population","Total","5.1",""
"2013","Austria","Total","Percentage of total population","Total","3.6",""
"2013","Poland","Total","Percentage of total population","Total","6.3",""
"2013","Portugal","Total","Percentage of total population","Total","10.8",""
"2013","Romania","Total","Percentage of total population","Total","4.2",""
"2013","Slovenia","Total","Percentage of total population","Total","6.4",""
"2013","Slovakia","Total","Percentage of total population","Total","9.0",""
"2013","Finland","Total","Percentage of total population","Total","5.4",""
"2013","Sweden","Total","Percentage of total population","Total","5.8",""
"2013","United Kingdom","Total","Percentage of total population","Total","5.2",""
"2013","Iceland","Total","Percentage of total population","Total","4.3",""
"2013","Norway","Total","Percentage of total population","Total","2.4",""
"2013","Turkey","Total","Percentage of total population","Total","4.6",""
"2013","United States","Total","Percentage of total population","Total",":",""
"2013","Japan","Total","Percentage of total population","Total",":",""
"2014","European Union (current composition)","Total","Percentage of total population","Total","6.5",""
"2014","European Union (before the accession of Croatia)","Total","Percentage of total population","Total","6.5",""
"2014","Belgium","Total","Percentage of total population","Total","5.1",""
"2014","Bulgaria","Total","Percentage of total population","Total","6.9",""
"2014","Czechia","Total","Percentage of total population","Total","3.9",""
"2014","Denmark","Total","Percentage of total population","Total","4.5",""
"2014","Germany (until 1990 former territory of the FRG)","Total","Percentage of total population","Total","3.4",""
"2014","Estonia","Total","Percentage of total population","Total","5.0",""
"2014","Ireland","Total","Percentage of total population","Total","7.9",""
"2014","Greece","Total","Percentage of total population","Total","15.7",""
"2014","Spain","Total","Percentage of total population","Total","16.0",""
"2014","France","Total","Percentage of total population","Total","6.2",""
"2014","Croatia","Total","Percentage of total population","Total","10.1",""
"2014","Italy","Total","Percentage of total population","Total","7.1",""
"2014","Cyprus","Total","Percentage of total population","Total","11.0",""
"2014","Latvia","Total","Percentage of total population","Total","7.2",""
"2014","Lithuania","Total","Percentage of total population","Total","7.1",""
"2014","Luxembourg","Total","Percentage of total population","Total","3.7",""
"2014","Hungary","Total","Percentage of total population","Total","4.5",""
"2014","Malta","Total","Percentage of total population","Total","3.4",""
"2014","Netherlands","Total","Percentage of total population","Total","5.2",""
"2014","Austria","Total","Percentage of total population","Total","3.8",""
"2014","Poland","Total","Percentage of total population","Total","5.5",""
"2014","Portugal","Total","Percentage of total population","Total","9.2",""
"2014","Romania","Total","Percentage of total population","Total","4.1",""
"2014","Slovenia","Total","Percentage of total population","Total","6.2",""
"2014","Slovakia","Total","Percentage of total population","Total","8.4",""
"2014","Finland","Total","Percentage of total population","Total","5.7",""
"2014","Sweden","Total","Percentage of total population","Total","5.7",""
"2014","United Kingdom","Total","Percentage of total population","Total","4.2",""
"2014","Iceland","Total","Percentage of total population","Total","4.0",""
"2014","Norway","Total","Percentage of total population","Total","2.5",""
"2014","Turkey","Total","Percentage of total population","Total","5.2",""
"2014","United States","Total","Percentage of total population","Total",":",""
"2014","Japan","Total","Percentage of total population","Total",":",""
"2015","European Union (current composition)","Total","Percentage of total population","Total","6.0",""
"2015","European Union (before the accession of Croatia)","Total","Percentage of total population","Total","6.0",""
"2015","Belgium","Total","Percentage of total population","Total","5.1",""
"2015","Bulgaria","Total","Percentage of total population","Total","5.5",""
"2015","Czechia","Total","Percentage of total population","Total","3.3",""
"2015","Denmark","Total","Percentage of total population","Total","4.2",""
"2015","Germany (until 1990 former territory of the FRG)","Total","Percentage of total population","Total","3.2",""
"2015","Estonia","Total","Percentage of total population","Total","4.3",""
"2015","Ireland","Total","Percentage of total population","Total","6.6",""
"2015","Greece","Total","Percentage of total population","Total","14.8",""
"2015","Spain","Total","Percentage of total population","Total","14.5",""
"2015","France","Total","Percentage of total population","Total","6.3",""
"2015","Croatia","Total","Percentage of total population","Total","9.5",""
"2015","Italy","Total","Percentage of total population","Total","6.7",""
"2015","Cyprus","Total","Percentage of total population","Total","10.0",""
"2015","Latvia","Total","Percentage of total population","Total","6.7",""
"2015","Lithuania","Total","Percentage of total population","Total","6.1",""
"2015","Luxembourg","Total","Percentage of total population","Total","4.3",""
"2015","Hungary","Total","Percentage of total population","Total","4.1",""
"2015","Malta","Total","Percentage of total population","Total","3.2",""
"2015","Netherlands","Total","Percentage of total population","Total","4.8",""
"2015","Austria","Total","Percentage of total population","Total","3.8",""
"2015","Poland","Total","Percentage of total population","Total","4.6",""
"2015","Portugal","Total","Percentage of total population","Total","8.3",""
"2015","Romania","Total","Percentage of total population","Total","4.1",""
"2015","Slovenia","Total","Percentage of total population","Total","5.7",""
"2015","Slovakia","Total","Percentage of total population","Total","7.3",""
"2015","Finland","Total","Percentage of total population","Total","6.2",""
"2015","Sweden","Total","Percentage of total population","Total","5.4",""
"2015","United Kingdom","Total","Percentage of total population","Total","3.7",""
"2015","Iceland","Total","Percentage of total population","Total","3.3",""
"2015","Norway","Total","Percentage of total population","Total","3.1",""
"2015","Turkey","Total","Percentage of total population","Total","5.5",""
"2015","United States","Total","Percentage of total population","Total",":",""
"2015","Japan","Total","Percentage of total population","Total",":",""
"2016","European Union (current composition)","Total","Percentage of total population","Total","5.5",""
"2016","European Union (before the accession of Croatia)","Total","Percentage of total population","Total","5.5",""
"2016","Belgium","Total","Percentage of total population","Total","4.7",""
"2016","Bulgaria","Total","Percentage of total population","Total","4.5",""
"2016","Czechia","Total","Percentage of total population","Total","2.6",""
"2016","Denmark","Total","Percentage of total population","Total","4.3",""
"2016","Germany (until 1990 former territory of the FRG)","Total","Percentage of total population","Total","2.9",""
"2016","Estonia","Total","Percentage of total population","Total","4.8",""
"2016","Ireland","Total","Percentage of total population","Total","5.6",""
"2016","Greece","Total","Percentage of total population","Total","14.1",""
"2016","Spain","Total","Percentage of total population","Total","12.8",""
"2016","France","Total","Percentage of total population","Total","6.1",""
"2016","Croatia","Total","Percentage of total population","Total","7.5",""
"2016","Italy","Total","Percentage of total population","Total","6.6",""
"2016","Cyprus","Total","Percentage of total population","Total","8.6",""
"2016","Latvia","Total","Percentage of total population","Total","6.6",""
"2016","Lithuania","Total","Percentage of total population","Total","5.3",""
"2016","Luxembourg","Total","Percentage of total population","Total","4.0",""
"2016","Hungary","Total","Percentage of total population","Total","3.1",""
"2016","Malta","Total","Percentage of total population","Total","2.9",""
"2016","Netherlands","Total","Percentage of total population","Total","4.2",""
"2016","Austria","Total","Percentage of total population","Total","4.1",""
"2016","Poland","Total","Percentage of total population","Total","3.8",""
"2016","Portugal","Total","Percentage of total population","Total","7.3",""
"2016","Romania","Total","Percentage of total population","Total","3.5",""
"2016","Slovenia","Total","Percentage of total population","Total","5.0",""
"2016","Slovakia","Total","Percentage of total population","Total","6.2",""
"2016","Finland","Total","Percentage of total population","Total","5.8",""
"2016","Sweden","Total","Percentage of total population","Total","5.0",""
"2016","United Kingdom","Total","Percentage of total population","Total","3.3",""
"2016","Iceland","Total","Percentage of total population","Total","2.5",""
"2016","Norway","Total","Percentage of total population","Total","3.3",""
"2016","Turkey","Total","Percentage of total population","Total","5.9",""
"2016","United States","Total","Percentage of total population","Total",":",""
"2016","Japan","Total","Percentage of total population","Total",":",""
"2017","European Union (current composition)","Total","Percentage of total population","Total","4.9",""
"2017","European Union (before the accession of Croatia)","Total","Percentage of total population","Total","4.9",""
"2017","Belgium","Total","Percentage of total population","Total","4.2","b"
"2017","Bulgaria","Total","Percentage of total population","Total","3.8",""
"2017","Czechia","Total","Percentage of total population","Total","1.9",""
"2017","Denmark","Total","Percentage of total population","Total","4.0",""
"2017","Germany (until 1990 former territory of the FRG)","Total","Percentage of total population","Total","2.6",""
"2017","Estonia","Total","Percentage of total population","Total","4.1",""
"2017","Ireland","Total","Percentage of total population","Total","4.5",""
"2017","Greece","Total","Percentage of total population","Total","12.8",""
"2017","Spain","Total","Percentage of total population","Total","11.2",""
"2017","France","Total","Percentage of total population","Total","5.7",""
"2017","Croatia","Total","Percentage of total population","Total","6.5",""
"2017","Italy","Total","Percentage of total population","Total","6.4",""
"2017","Cyprus","Total","Percentage of total population","Total","7.4",""
"2017","Latvia","Total","Percentage of total population","Total","6.0",""
"2017","Lithuania","Total","Percentage of total population","Total","4.8",""
"2017","Luxembourg","Total","Percentage of total population","Total","3.5",""
"2017","Hungary","Total","Percentage of total population","Total","2.6",""
"2017","Malta","Total","Percentage of total population","Total","2.5",""
"2017","Netherlands","Total","Percentage of total population","Total","3.4",""
"2017","Austria","Total","Percentage of total population","Total","3.7",""
"2017","Poland","Total","Percentage of total population","Total","3.0",""
"2017","Portugal","Total","Percentage of total population","Total","5.9",""
"2017","Romania","Total","Percentage of total population","Total","3.0",""
"2017","Slovenia","Total","Percentage of total population","Total","4.3",""
"2017","Slovakia","Total","Percentage of total population","Total","5.2",""
"2017","Finland","Total","Percentage of total population","Total","5.7",""
"2017","Sweden","Total","Percentage of total population","Total","4.9",""
"2017","United Kingdom","Total","Percentage of total population","Total","3.0",""
"2017","Iceland","Total","Percentage of total population","Total","2.3",""
"2017","Norway","Total","Percentage of total population","Total","2.9",""
"2017","Turkey","Total","Percentage of total population","Total","6.0",""
"2017","United States","Total","Percentage of total population","Total",":",""
"2017","Japan","Total","Percentage of total population","Total",":",""
