"COUNTRY","Country","SERIES","Series","TIME","Time","Unit Code","Unit","PowerCode Code","PowerCode","Reference Period Code","Reference Period","Value","Flag Codes","Flags"
"AUT","Austria","USDPPP","In 2017 constant prices at 2017 USD PPPs","2000","2000","USD","US Dollar","0","Units","2017","2017",45188.0031051172,,
"AUT","Austria","USDPPP","In 2017 constant prices at 2017 USD PPPs","2001","2001","USD","US Dollar","0","Units","2017","2017",45068.9903074612,,
"AUT","Austria","USDPPP","In 2017 constant prices at 2017 USD PPPs","2002","2002","USD","US Dollar","0","Units","2017","2017",45732.5834869296,,
"AUT","Austria","USDPPP","In 2017 constant prices at 2017 USD PPPs","2003","2003","USD","US Dollar","0","Units","2017","2017",45854.5244699377,,
"AUT","Austria","USDPPP","In 2017 constant prices at 2017 USD PPPs","2004","2004","USD","US Dollar","0","Units","2017","2017",46723.2221747289,,
"AUT","Austria","USDPPP","In 2017 constant prices at 2017 USD PPPs","2005","2005","USD","US Dollar","0","Units","2017","2017",46963.2346598264,,
"AUT","Austria","USDPPP","In 2017 constant prices at 2017 USD PPPs","2006","2006","USD","US Dollar","0","Units","2017","2017",47654.1500606673,,
"AUT","Austria","USDPPP","In 2017 constant prices at 2017 USD PPPs","2007","2007","USD","US Dollar","0","Units","2017","2017",47895.2314113613,,
"AUT","Austria","USDPPP","In 2017 constant prices at 2017 USD PPPs","2008","2008","USD","US Dollar","0","Units","2017","2017",48739.8569797832,,
"AUT","Austria","USDPPP","In 2017 constant prices at 2017 USD PPPs","2009","2009","USD","US Dollar","0","Units","2017","2017",49520.7788557193,,
"AUT","Austria","USDPPP","In 2017 constant prices at 2017 USD PPPs","2010","2010","USD","US Dollar","0","Units","2017","2017",49315.9163089574,,
"AUT","Austria","USDPPP","In 2017 constant prices at 2017 USD PPPs","2011","2011","USD","US Dollar","0","Units","2017","2017",48809.4621652132,,
"AUT","Austria","USDPPP","In 2017 constant prices at 2017 USD PPPs","2012","2012","USD","US Dollar","0","Units","2017","2017",49046.7076455864,,
"AUT","Austria","USDPPP","In 2017 constant prices at 2017 USD PPPs","2013","2013","USD","US Dollar","0","Units","2017","2017",49119.5245501376,,
"AUT","Austria","USDPPP","In 2017 constant prices at 2017 USD PPPs","2014","2014","USD","US Dollar","0","Units","2017","2017",49298.5666866514,,
"AUT","Austria","USDPPP","In 2017 constant prices at 2017 USD PPPs","2015","2015","USD","US Dollar","0","Units","2017","2017",49694.5120670289,,
"AUT","Austria","USDPPP","In 2017 constant prices at 2017 USD PPPs","2016","2016","USD","US Dollar","0","Units","2017","2017",50330.4552242943,,
"AUT","Austria","USDPPP","In 2017 constant prices at 2017 USD PPPs","2017","2017","USD","US Dollar","0","Units","2017","2017",50348.9401981944,,
"BEL","Belgium","USDPPP","In 2017 constant prices at 2017 USD PPPs","2000","2000","USD","US Dollar","0","Units","2017","2017",47950.3239317737,,
"BEL","Belgium","USDPPP","In 2017 constant prices at 2017 USD PPPs","2001","2001","USD","US Dollar","0","Units","2017","2017",48221.8165468763,,
"BEL","Belgium","USDPPP","In 2017 constant prices at 2017 USD PPPs","2002","2002","USD","US Dollar","0","Units","2017","2017",49036.1355698971,,
"BEL","Belgium","USDPPP","In 2017 constant prices at 2017 USD PPPs","2003","2003","USD","US Dollar","0","Units","2017","2017",49230.7676728333,,
"BEL","Belgium","USDPPP","In 2017 constant prices at 2017 USD PPPs","2004","2004","USD","US Dollar","0","Units","2017","2017",48990.3182500842,,
"BEL","Belgium","USDPPP","In 2017 constant prices at 2017 USD PPPs","2005","2005","USD","US Dollar","0","Units","2017","2017",48688.0973575937,,
"BEL","Belgium","USDPPP","In 2017 constant prices at 2017 USD PPPs","2006","2006","USD","US Dollar","0","Units","2017","2017",48889.5317517214,,
"BEL","Belgium","USDPPP","In 2017 constant prices at 2017 USD PPPs","2007","2007","USD","US Dollar","0","Units","2017","2017",48658.5261971899,,
"BEL","Belgium","USDPPP","In 2017 constant prices at 2017 USD PPPs","2008","2008","USD","US Dollar","0","Units","2017","2017",48808.8687239112,,
"BEL","Belgium","USDPPP","In 2017 constant prices at 2017 USD PPPs","2009","2009","USD","US Dollar","0","Units","2017","2017",49226.9341746211,,
"BEL","Belgium","USDPPP","In 2017 constant prices at 2017 USD PPPs","2010","2010","USD","US Dollar","0","Units","2017","2017",48940.5782900736,,
"BEL","Belgium","USDPPP","In 2017 constant prices at 2017 USD PPPs","2011","2011","USD","US Dollar","0","Units","2017","2017",49382.3864044152,,
"BEL","Belgium","USDPPP","In 2017 constant prices at 2017 USD PPPs","2012","2012","USD","US Dollar","0","Units","2017","2017",49714.5513424921,,
"BEL","Belgium","USDPPP","In 2017 constant prices at 2017 USD PPPs","2013","2013","USD","US Dollar","0","Units","2017","2017",50362.6586290707,,
"BEL","Belgium","USDPPP","In 2017 constant prices at 2017 USD PPPs","2014","2014","USD","US Dollar","0","Units","2017","2017",50583.0421345091,,
"BEL","Belgium","USDPPP","In 2017 constant prices at 2017 USD PPPs","2015","2015","USD","US Dollar","0","Units","2017","2017",50259.1820690747,,
"BEL","Belgium","USDPPP","In 2017 constant prices at 2017 USD PPPs","2016","2016","USD","US Dollar","0","Units","2017","2017",50041.0771459814,,
"BEL","Belgium","USDPPP","In 2017 constant prices at 2017 USD PPPs","2017","2017","USD","US Dollar","0","Units","2017","2017",49674.9950476864,,
"CZE","Czech Republic","USDPPP","In 2017 constant prices at 2017 USD PPPs","2000","2000","USD","US Dollar","0","Units","2017","2017",15805.0235357265,,
"CZE","Czech Republic","USDPPP","In 2017 constant prices at 2017 USD PPPs","2001","2001","USD","US Dollar","0","Units","2017","2017",16314.5151828103,,
"CZE","Czech Republic","USDPPP","In 2017 constant prices at 2017 USD PPPs","2002","2002","USD","US Dollar","0","Units","2017","2017",17563.4853204811,,
"CZE","Czech Republic","USDPPP","In 2017 constant prices at 2017 USD PPPs","2003","2003","USD","US Dollar","0","Units","2017","2017",18890.7175094083,,
"CZE","Czech Republic","USDPPP","In 2017 constant prices at 2017 USD PPPs","2004","2004","USD","US Dollar","0","Units","2017","2017",19819.2143075766,,
"CZE","Czech Republic","USDPPP","In 2017 constant prices at 2017 USD PPPs","2005","2005","USD","US Dollar","0","Units","2017","2017",20414.8794329373,,
"CZE","Czech Republic","USDPPP","In 2017 constant prices at 2017 USD PPPs","2006","2006","USD","US Dollar","0","Units","2017","2017",21230.3535536868,,
"CZE","Czech Republic","USDPPP","In 2017 constant prices at 2017 USD PPPs","2007","2007","USD","US Dollar","0","Units","2017","2017",21870.2457073523,,
"CZE","Czech Republic","USDPPP","In 2017 constant prices at 2017 USD PPPs","2008","2008","USD","US Dollar","0","Units","2017","2017",21880.2366627302,,
"CZE","Czech Republic","USDPPP","In 2017 constant prices at 2017 USD PPPs","2009","2009","USD","US Dollar","0","Units","2017","2017",21830.879734271,,
"CZE","Czech Republic","USDPPP","In 2017 constant prices at 2017 USD PPPs","2010","2010","USD","US Dollar","0","Units","2017","2017",22388.227589263,,
"CZE","Czech Republic","USDPPP","In 2017 constant prices at 2017 USD PPPs","2011","2011","USD","US Dollar","0","Units","2017","2017",22540.9787691982,,
"CZE","Czech Republic","USDPPP","In 2017 constant prices at 2017 USD PPPs","2012","2012","USD","US Dollar","0","Units","2017","2017",22528.4127932473,,
"CZE","Czech Republic","USDPPP","In 2017 constant prices at 2017 USD PPPs","2013","2013","USD","US Dollar","0","Units","2017","2017",22290.4946988665,,
"CZE","Czech Republic","USDPPP","In 2017 constant prices at 2017 USD PPPs","2014","2014","USD","US Dollar","0","Units","2017","2017",22757.3383887199,,
"CZE","Czech Republic","USDPPP","In 2017 constant prices at 2017 USD PPPs","2015","2015","USD","US Dollar","0","Units","2017","2017",23380.7429536061,,
"CZE","Czech Republic","USDPPP","In 2017 constant prices at 2017 USD PPPs","2016","2016","USD","US Dollar","0","Units","2017","2017",24330.753582818,,
"CZE","Czech Republic","USDPPP","In 2017 constant prices at 2017 USD PPPs","2017","2017","USD","US Dollar","0","Units","2017","2017",25372.0429634876,,
"DNK","Denmark","USDPPP","In 2017 constant prices at 2017 USD PPPs","2000","2000","USD","US Dollar","0","Units","2017","2017",41712.7501129584,,
"DNK","Denmark","USDPPP","In 2017 constant prices at 2017 USD PPPs","2001","2001","USD","US Dollar","0","Units","2017","2017",41990.7089494861,,
"DNK","Denmark","USDPPP","In 2017 constant prices at 2017 USD PPPs","2002","2002","USD","US Dollar","0","Units","2017","2017",42958.6425469163,,
"DNK","Denmark","USDPPP","In 2017 constant prices at 2017 USD PPPs","2003","2003","USD","US Dollar","0","Units","2017","2017",44029.5816554954,,
"DNK","Denmark","USDPPP","In 2017 constant prices at 2017 USD PPPs","2004","2004","USD","US Dollar","0","Units","2017","2017",45012.4726375223,,
"DNK","Denmark","USDPPP","In 2017 constant prices at 2017 USD PPPs","2005","2005","USD","US Dollar","0","Units","2017","2017",45782.5404513345,,
"DNK","Denmark","USDPPP","In 2017 constant prices at 2017 USD PPPs","2006","2006","USD","US Dollar","0","Units","2017","2017",46555.5376745999,,
"DNK","Denmark","USDPPP","In 2017 constant prices at 2017 USD PPPs","2007","2007","USD","US Dollar","0","Units","2017","2017",47069.7082639716,,
"DNK","Denmark","USDPPP","In 2017 constant prices at 2017 USD PPPs","2008","2008","USD","US Dollar","0","Units","2017","2017",47703.4873536246,,
"DNK","Denmark","USDPPP","In 2017 constant prices at 2017 USD PPPs","2009","2009","USD","US Dollar","0","Units","2017","2017",48860.5944895636,,
"DNK","Denmark","USDPPP","In 2017 constant prices at 2017 USD PPPs","2010","2010","USD","US Dollar","0","Units","2017","2017",49423.6874985322,,
"DNK","Denmark","USDPPP","In 2017 constant prices at 2017 USD PPPs","2011","2011","USD","US Dollar","0","Units","2017","2017",49168.0357552126,,
"DNK","Denmark","USDPPP","In 2017 constant prices at 2017 USD PPPs","2012","2012","USD","US Dollar","0","Units","2017","2017",49094.2461278247,,
"DNK","Denmark","USDPPP","In 2017 constant prices at 2017 USD PPPs","2013","2013","USD","US Dollar","0","Units","2017","2017",49423.8023635253,,
"DNK","Denmark","USDPPP","In 2017 constant prices at 2017 USD PPPs","2014","2014","USD","US Dollar","0","Units","2017","2017",50368.6564234037,,
"DNK","Denmark","USDPPP","In 2017 constant prices at 2017 USD PPPs","2015","2015","USD","US Dollar","0","Units","2017","2017",51125.5502110602,,
"DNK","Denmark","USDPPP","In 2017 constant prices at 2017 USD PPPs","2016","2016","USD","US Dollar","0","Units","2017","2017",51826.0530970321,,
"DNK","Denmark","USDPPP","In 2017 constant prices at 2017 USD PPPs","2017","2017","USD","US Dollar","0","Units","2017","2017",51466.3004625045,,
"FIN","Finland","USDPPP","In 2017 constant prices at 2017 USD PPPs","2000","2000","USD","US Dollar","0","Units","2017","2017",36308.0307142184,,
"FIN","Finland","USDPPP","In 2017 constant prices at 2017 USD PPPs","2001","2001","USD","US Dollar","0","Units","2017","2017",36708.644816608,,
"FIN","Finland","USDPPP","In 2017 constant prices at 2017 USD PPPs","2002","2002","USD","US Dollar","0","Units","2017","2017",36916.7970189809,,
"FIN","Finland","USDPPP","In 2017 constant prices at 2017 USD PPPs","2003","2003","USD","US Dollar","0","Units","2017","2017",37627.8268560594,,
"FIN","Finland","USDPPP","In 2017 constant prices at 2017 USD PPPs","2004","2004","USD","US Dollar","0","Units","2017","2017",38886.0353041778,,
"FIN","Finland","USDPPP","In 2017 constant prices at 2017 USD PPPs","2005","2005","USD","US Dollar","0","Units","2017","2017",39781.8727505149,,
"FIN","Finland","USDPPP","In 2017 constant prices at 2017 USD PPPs","2006","2006","USD","US Dollar","0","Units","2017","2017",40707.235285964,,
"FIN","Finland","USDPPP","In 2017 constant prices at 2017 USD PPPs","2007","2007","USD","US Dollar","0","Units","2017","2017",41327.4698251827,,
"FIN","Finland","USDPPP","In 2017 constant prices at 2017 USD PPPs","2008","2008","USD","US Dollar","0","Units","2017","2017",41727.8358134046,,
"FIN","Finland","USDPPP","In 2017 constant prices at 2017 USD PPPs","2009","2009","USD","US Dollar","0","Units","2017","2017",42064.5303807016,,
"FIN","Finland","USDPPP","In 2017 constant prices at 2017 USD PPPs","2010","2010","USD","US Dollar","0","Units","2017","2017",42725.4594772306,,
"FIN","Finland","USDPPP","In 2017 constant prices at 2017 USD PPPs","2011","2011","USD","US Dollar","0","Units","2017","2017",42872.4433299362,,
"FIN","Finland","USDPPP","In 2017 constant prices at 2017 USD PPPs","2012","2012","USD","US Dollar","0","Units","2017","2017",42902.0972120131,,
"FIN","Finland","USDPPP","In 2017 constant prices at 2017 USD PPPs","2013","2013","USD","US Dollar","0","Units","2017","2017",42440.9475030898,,
"FIN","Finland","USDPPP","In 2017 constant prices at 2017 USD PPPs","2014","2014","USD","US Dollar","0","Units","2017","2017",42425.0748590545,,
"FIN","Finland","USDPPP","In 2017 constant prices at 2017 USD PPPs","2015","2015","USD","US Dollar","0","Units","2017","2017",42885.1913489131,,
"FIN","Finland","USDPPP","In 2017 constant prices at 2017 USD PPPs","2016","2016","USD","US Dollar","0","Units","2017","2017",43138.9339313619,,
"FIN","Finland","USDPPP","In 2017 constant prices at 2017 USD PPPs","2017","2017","USD","US Dollar","0","Units","2017","2017",42963.6679912954,,
"FRA","France","USDPPP","In 2017 constant prices at 2017 USD PPPs","2000","2000","USD","US Dollar","0","Units","2017","2017",36340.7537874851,,
"FRA","France","USDPPP","In 2017 constant prices at 2017 USD PPPs","2001","2001","USD","US Dollar","0","Units","2017","2017",36592.8930549598,,
"FRA","France","USDPPP","In 2017 constant prices at 2017 USD PPPs","2002","2002","USD","US Dollar","0","Units","2017","2017",37583.0472348423,,
"FRA","France","USDPPP","In 2017 constant prices at 2017 USD PPPs","2003","2003","USD","US Dollar","0","Units","2017","2017",37898.764722818,,
"FRA","France","USDPPP","In 2017 constant prices at 2017 USD PPPs","2004","2004","USD","US Dollar","0","Units","2017","2017",38520.4802264545,,
"FRA","France","USDPPP","In 2017 constant prices at 2017 USD PPPs","2005","2005","USD","US Dollar","0","Units","2017","2017",38983.4202963751,,
"FRA","France","USDPPP","In 2017 constant prices at 2017 USD PPPs","2006","2006","USD","US Dollar","0","Units","2017","2017",39413.3653926398,,
"FRA","France","USDPPP","In 2017 constant prices at 2017 USD PPPs","2007","2007","USD","US Dollar","0","Units","2017","2017",39578.0465849044,,
"FRA","France","USDPPP","In 2017 constant prices at 2017 USD PPPs","2008","2008","USD","US Dollar","0","Units","2017","2017",39512.6354566787,,
"FRA","France","USDPPP","In 2017 constant prices at 2017 USD PPPs","2009","2009","USD","US Dollar","0","Units","2017","2017",40732.42218869,,
"FRA","France","USDPPP","In 2017 constant prices at 2017 USD PPPs","2010","2010","USD","US Dollar","0","Units","2017","2017",41547.5688687028,,
"FRA","France","USDPPP","In 2017 constant prices at 2017 USD PPPs","2011","2011","USD","US Dollar","0","Units","2017","2017",41472.2662261191,,
"FRA","France","USDPPP","In 2017 constant prices at 2017 USD PPPs","2012","2012","USD","US Dollar","0","Units","2017","2017",41759.2704649782,,
"FRA","France","USDPPP","In 2017 constant prices at 2017 USD PPPs","2013","2013","USD","US Dollar","0","Units","2017","2017",41986.2679059577,,
"FRA","France","USDPPP","In 2017 constant prices at 2017 USD PPPs","2014","2014","USD","US Dollar","0","Units","2017","2017",42402.9926200803,,
"FRA","France","USDPPP","In 2017 constant prices at 2017 USD PPPs","2015","2015","USD","US Dollar","0","Units","2017","2017",42731.3134045579,,
"FRA","France","USDPPP","In 2017 constant prices at 2017 USD PPPs","2016","2016","USD","US Dollar","0","Units","2017","2017",43220.6120851797,,
"FRA","France","USDPPP","In 2017 constant prices at 2017 USD PPPs","2017","2017","USD","US Dollar","0","Units","2017","2017",43755.3289332253,,
"DEU","Germany","USDPPP","In 2017 constant prices at 2017 USD PPPs","2000","2000","USD","US Dollar","0","Units","2017","2017",41873.1356332864,,
"DEU","Germany","USDPPP","In 2017 constant prices at 2017 USD PPPs","2001","2001","USD","US Dollar","0","Units","2017","2017",42291.1136605427,,
"DEU","Germany","USDPPP","In 2017 constant prices at 2017 USD PPPs","2002","2002","USD","US Dollar","0","Units","2017","2017",42512.5541840991,,
"DEU","Germany","USDPPP","In 2017 constant prices at 2017 USD PPPs","2003","2003","USD","US Dollar","0","Units","2017","2017",42456.956114176,,
"DEU","Germany","USDPPP","In 2017 constant prices at 2017 USD PPPs","2004","2004","USD","US Dollar","0","Units","2017","2017",42454.4761290712,,
"DEU","Germany","USDPPP","In 2017 constant prices at 2017 USD PPPs","2005","2005","USD","US Dollar","0","Units","2017","2017",42380.2125039828,,
"DEU","Germany","USDPPP","In 2017 constant prices at 2017 USD PPPs","2006","2006","USD","US Dollar","0","Units","2017","2017",42414.8768405383,,
"DEU","Germany","USDPPP","In 2017 constant prices at 2017 USD PPPs","2007","2007","USD","US Dollar","0","Units","2017","2017",42342.4629738926,,
"DEU","Germany","USDPPP","In 2017 constant prices at 2017 USD PPPs","2008","2008","USD","US Dollar","0","Units","2017","2017",42610.3334343469,,
"DEU","Germany","USDPPP","In 2017 constant prices at 2017 USD PPPs","2009","2009","USD","US Dollar","0","Units","2017","2017",42778.8008126555,,
"DEU","Germany","USDPPP","In 2017 constant prices at 2017 USD PPPs","2010","2010","USD","US Dollar","0","Units","2017","2017",42970.23116168,,
"DEU","Germany","USDPPP","In 2017 constant prices at 2017 USD PPPs","2011","2011","USD","US Dollar","0","Units","2017","2017",43702.902744104,,
"DEU","Germany","USDPPP","In 2017 constant prices at 2017 USD PPPs","2012","2012","USD","US Dollar","0","Units","2017","2017",44202.3176699673,,
"DEU","Germany","USDPPP","In 2017 constant prices at 2017 USD PPPs","2013","2013","USD","US Dollar","0","Units","2017","2017",44735.6172185794,,
"DEU","Germany","USDPPP","In 2017 constant prices at 2017 USD PPPs","2014","2014","USD","US Dollar","0","Units","2017","2017",45421.1651352145,,
"DEU","Germany","USDPPP","In 2017 constant prices at 2017 USD PPPs","2015","2015","USD","US Dollar","0","Units","2017","2017",46408.6095650197,,
"DEU","Germany","USDPPP","In 2017 constant prices at 2017 USD PPPs","2016","2016","USD","US Dollar","0","Units","2017","2017",47096.5532041581,,
"DEU","Germany","USDPPP","In 2017 constant prices at 2017 USD PPPs","2017","2017","USD","US Dollar","0","Units","2017","2017",47585.308781889,,
"GRC","Greece","USDPPP","In 2017 constant prices at 2017 USD PPPs","2000","2000","USD","US Dollar","0","Units","2016","2016",27133.4060137818,,
"GRC","Greece","USDPPP","In 2017 constant prices at 2017 USD PPPs","2001","2001","USD","US Dollar","0","Units","2016","2016",27682.0074358712,,
"GRC","Greece","USDPPP","In 2017 constant prices at 2017 USD PPPs","2002","2002","USD","US Dollar","0","Units","2016","2016",30249.2318964402,,
"GRC","Greece","USDPPP","In 2017 constant prices at 2017 USD PPPs","2003","2003","USD","US Dollar","0","Units","2016","2016",31565.253907418,,
"GRC","Greece","USDPPP","In 2017 constant prices at 2017 USD PPPs","2004","2004","USD","US Dollar","0","Units","2016","2016",32132.3600845157,,
"GRC","Greece","USDPPP","In 2017 constant prices at 2017 USD PPPs","2005","2005","USD","US Dollar","0","Units","2016","2016",32033.892641203,,
"GRC","Greece","USDPPP","In 2017 constant prices at 2017 USD PPPs","2006","2006","USD","US Dollar","0","Units","2016","2016",32418.2684658021,,
"GRC","Greece","USDPPP","In 2017 constant prices at 2017 USD PPPs","2007","2007","USD","US Dollar","0","Units","2016","2016",32411.0957818892,,
"GRC","Greece","USDPPP","In 2017 constant prices at 2017 USD PPPs","2008","2008","USD","US Dollar","0","Units","2016","2016",31921.5455927327,,
"GRC","Greece","USDPPP","In 2017 constant prices at 2017 USD PPPs","2009","2009","USD","US Dollar","0","Units","2016","2016",33422.5734063101,,
"GRC","Greece","USDPPP","In 2017 constant prices at 2017 USD PPPs","2010","2010","USD","US Dollar","0","Units","2016","2016",31194.1293922601,,
"GRC","Greece","USDPPP","In 2017 constant prices at 2017 USD PPPs","2011","2011","USD","US Dollar","0","Units","2016","2016",29148.9510870061,,
"GRC","Greece","USDPPP","In 2017 constant prices at 2017 USD PPPs","2012","2012","USD","US Dollar","0","Units","2016","2016",27825.8144013693,,
"GRC","Greece","USDPPP","In 2017 constant prices at 2017 USD PPPs","2013","2013","USD","US Dollar","0","Units","2016","2016",26025.5584626361,,
"GRC","Greece","USDPPP","In 2017 constant prices at 2017 USD PPPs","2014","2014","USD","US Dollar","0","Units","2016","2016",26532.2522735054,,
"GRC","Greece","USDPPP","In 2017 constant prices at 2017 USD PPPs","2015","2015","USD","US Dollar","0","Units","2016","2016",26335.9459089031,,
"GRC","Greece","USDPPP","In 2017 constant prices at 2017 USD PPPs","2016","2016","USD","US Dollar","0","Units","2016","2016",26330.3677055652,,
"GRC","Greece","USDPPP","In 2017 constant prices at 2017 USD PPPs","2017","2017","USD","US Dollar","0","Units","2016","2016",26064.2938448664,,
"HUN","Hungary","USDPPP","In 2017 constant prices at 2017 USD PPPs","2000","2000","USD","US Dollar","0","Units","2016","2016",15874.3890994121,,
"HUN","Hungary","USDPPP","In 2017 constant prices at 2017 USD PPPs","2001","2001","USD","US Dollar","0","Units","2016","2016",17022.332500526,,
"HUN","Hungary","USDPPP","In 2017 constant prices at 2017 USD PPPs","2002","2002","USD","US Dollar","0","Units","2016","2016",17867.3872611195,,
"HUN","Hungary","USDPPP","In 2017 constant prices at 2017 USD PPPs","2003","2003","USD","US Dollar","0","Units","2016","2016",19537.2386609,,
"HUN","Hungary","USDPPP","In 2017 constant prices at 2017 USD PPPs","2004","2004","USD","US Dollar","0","Units","2016","2016",20727.4879087457,,
"HUN","Hungary","USDPPP","In 2017 constant prices at 2017 USD PPPs","2005","2005","USD","US Dollar","0","Units","2016","2016",21562.432036827,,
"HUN","Hungary","USDPPP","In 2017 constant prices at 2017 USD PPPs","2006","2006","USD","US Dollar","0","Units","2016","2016",21980.2214273346,,
"HUN","Hungary","USDPPP","In 2017 constant prices at 2017 USD PPPs","2007","2007","USD","US Dollar","0","Units","2016","2016",21652.0279977833,,
"HUN","Hungary","USDPPP","In 2017 constant prices at 2017 USD PPPs","2008","2008","USD","US Dollar","0","Units","2016","2016",21896.4589380472,,
"HUN","Hungary","USDPPP","In 2017 constant prices at 2017 USD PPPs","2009","2009","USD","US Dollar","0","Units","2016","2016",21072.891500391,,
"HUN","Hungary","USDPPP","In 2017 constant prices at 2017 USD PPPs","2010","2010","USD","US Dollar","0","Units","2016","2016",21322.7284579025,,
"HUN","Hungary","USDPPP","In 2017 constant prices at 2017 USD PPPs","2011","2011","USD","US Dollar","0","Units","2016","2016",21309.351556377,,
"HUN","Hungary","USDPPP","In 2017 constant prices at 2017 USD PPPs","2012","2012","USD","US Dollar","0","Units","2016","2016",20567.6492204489,,
"HUN","Hungary","USDPPP","In 2017 constant prices at 2017 USD PPPs","2013","2013","USD","US Dollar","0","Units","2016","2016",20613.2086921179,,
"HUN","Hungary","USDPPP","In 2017 constant prices at 2017 USD PPPs","2014","2014","USD","US Dollar","0","Units","2016","2016",20469.5760851907,,
"HUN","Hungary","USDPPP","In 2017 constant prices at 2017 USD PPPs","2015","2015","USD","US Dollar","0","Units","2016","2016",19928.8386696738,,
"HUN","Hungary","USDPPP","In 2017 constant prices at 2017 USD PPPs","2016","2016","USD","US Dollar","0","Units","2016","2016",20824.5134677243,,
"HUN","Hungary","USDPPP","In 2017 constant prices at 2017 USD PPPs","2017","2017","USD","US Dollar","0","Units","2016","2016",22575.9975023553,,
"IRL","Ireland","USDPPP","In 2017 constant prices at 2017 USD PPPs","2000","2000","USD","US Dollar","0","Units","2016","2016",37986.0927669557,,
"IRL","Ireland","USDPPP","In 2017 constant prices at 2017 USD PPPs","2001","2001","USD","US Dollar","0","Units","2016","2016",39346.9484617257,,
"IRL","Ireland","USDPPP","In 2017 constant prices at 2017 USD PPPs","2002","2002","USD","US Dollar","0","Units","2016","2016",39705.1484282794,,
"IRL","Ireland","USDPPP","In 2017 constant prices at 2017 USD PPPs","2003","2003","USD","US Dollar","0","Units","2016","2016",41043.2510682301,,
"IRL","Ireland","USDPPP","In 2017 constant prices at 2017 USD PPPs","2004","2004","USD","US Dollar","0","Units","2016","2016",42572.2120349557,,
"IRL","Ireland","USDPPP","In 2017 constant prices at 2017 USD PPPs","2005","2005","USD","US Dollar","0","Units","2016","2016",44556.8258661317,,
"IRL","Ireland","USDPPP","In 2017 constant prices at 2017 USD PPPs","2006","2006","USD","US Dollar","0","Units","2016","2016",45340.4584487598,,
"IRL","Ireland","USDPPP","In 2017 constant prices at 2017 USD PPPs","2007","2007","USD","US Dollar","0","Units","2016","2016",46733.8117221902,,
"IRL","Ireland","USDPPP","In 2017 constant prices at 2017 USD PPPs","2008","2008","USD","US Dollar","0","Units","2016","2016",48170.5394590174,,
"IRL","Ireland","USDPPP","In 2017 constant prices at 2017 USD PPPs","2009","2009","USD","US Dollar","0","Units","2016","2016",52074.6972684978,,
"IRL","Ireland","USDPPP","In 2017 constant prices at 2017 USD PPPs","2010","2010","USD","US Dollar","0","Units","2016","2016",51859.8365671312,,
"IRL","Ireland","USDPPP","In 2017 constant prices at 2017 USD PPPs","2011","2011","USD","US Dollar","0","Units","2016","2016",47806.144004905,,
"IRL","Ireland","USDPPP","In 2017 constant prices at 2017 USD PPPs","2012","2012","USD","US Dollar","0","Units","2016","2016",46905.2563476864,,
"IRL","Ireland","USDPPP","In 2017 constant prices at 2017 USD PPPs","2013","2013","USD","US Dollar","0","Units","2016","2016",45734.9477767994,,
"IRL","Ireland","USDPPP","In 2017 constant prices at 2017 USD PPPs","2014","2014","USD","US Dollar","0","Units","2016","2016",45827.7304440118,,
"IRL","Ireland","USDPPP","In 2017 constant prices at 2017 USD PPPs","2015","2015","USD","US Dollar","0","Units","2016","2016",46560.6626300175,,
"IRL","Ireland","USDPPP","In 2017 constant prices at 2017 USD PPPs","2016","2016","USD","US Dollar","0","Units","2016","2016",46932.0986739545,,
"IRL","Ireland","USDPPP","In 2017 constant prices at 2017 USD PPPs","2017","2017","USD","US Dollar","0","Units","2016","2016",47652.9265017035,,
"ITA","Italy","USDPPP","In 2017 constant prices at 2017 USD PPPs","2000","2000","USD","US Dollar","0","Units","2016","2016",36134.2400862034,,
"ITA","Italy","USDPPP","In 2017 constant prices at 2017 USD PPPs","2001","2001","USD","US Dollar","0","Units","2016","2016",36313.2708378665,,
"ITA","Italy","USDPPP","In 2017 constant prices at 2017 USD PPPs","2002","2002","USD","US Dollar","0","Units","2016","2016",36066.7066965488,,
"ITA","Italy","USDPPP","In 2017 constant prices at 2017 USD PPPs","2003","2003","USD","US Dollar","0","Units","2016","2016",36029.1190583206,,
"ITA","Italy","USDPPP","In 2017 constant prices at 2017 USD PPPs","2004","2004","USD","US Dollar","0","Units","2016","2016",36765.0691576164,,
"ITA","Italy","USDPPP","In 2017 constant prices at 2017 USD PPPs","2005","2005","USD","US Dollar","0","Units","2016","2016",37181.378615398,,
"ITA","Italy","USDPPP","In 2017 constant prices at 2017 USD PPPs","2006","2006","USD","US Dollar","0","Units","2016","2016",37437.9017186814,,
"ITA","Italy","USDPPP","In 2017 constant prices at 2017 USD PPPs","2007","2007","USD","US Dollar","0","Units","2016","2016",37401.1548737476,,
"ITA","Italy","USDPPP","In 2017 constant prices at 2017 USD PPPs","2008","2008","USD","US Dollar","0","Units","2016","2016",37441.8922220358,,
"ITA","Italy","USDPPP","In 2017 constant prices at 2017 USD PPPs","2009","2009","USD","US Dollar","0","Units","2016","2016",37626.935996649,,
"ITA","Italy","USDPPP","In 2017 constant prices at 2017 USD PPPs","2010","2010","USD","US Dollar","0","Units","2016","2016",37987.2444249516,,
"ITA","Italy","USDPPP","In 2017 constant prices at 2017 USD PPPs","2011","2011","USD","US Dollar","0","Units","2016","2016",37394.3300794491,,
"ITA","Italy","USDPPP","In 2017 constant prices at 2017 USD PPPs","2012","2012","USD","US Dollar","0","Units","2016","2016",36267.4729791703,,
"ITA","Italy","USDPPP","In 2017 constant prices at 2017 USD PPPs","2013","2013","USD","US Dollar","0","Units","2016","2016",36323.7204404409,,
"ITA","Italy","USDPPP","In 2017 constant prices at 2017 USD PPPs","2014","2014","USD","US Dollar","0","Units","2016","2016",36460.5778281836,,
"ITA","Italy","USDPPP","In 2017 constant prices at 2017 USD PPPs","2015","2015","USD","US Dollar","0","Units","2016","2016",36769.6675766841,,
"ITA","Italy","USDPPP","In 2017 constant prices at 2017 USD PPPs","2016","2016","USD","US Dollar","0","Units","2016","2016",37032.9728706123,,
"ITA","Italy","USDPPP","In 2017 constant prices at 2017 USD PPPs","2017","2017","USD","US Dollar","0","Units","2016","2016",36658.3960819554,,
"LUX","Luxembourg","USDPPP","In 2017 constant prices at 2017 USD PPPs","2000","2000","USD","US Dollar","0","Units","2016","2016",53337.1470853372,,
"LUX","Luxembourg","USDPPP","In 2017 constant prices at 2017 USD PPPs","2001","2001","USD","US Dollar","0","Units","2016","2016",53878.3726316782,,
"LUX","Luxembourg","USDPPP","In 2017 constant prices at 2017 USD PPPs","2002","2002","USD","US Dollar","0","Units","2016","2016",54940.6893212123,,
"LUX","Luxembourg","USDPPP","In 2017 constant prices at 2017 USD PPPs","2003","2003","USD","US Dollar","0","Units","2016","2016",54590.8992023461,,
"LUX","Luxembourg","USDPPP","In 2017 constant prices at 2017 USD PPPs","2004","2004","USD","US Dollar","0","Units","2016","2016",55827.1125294411,,
"LUX","Luxembourg","USDPPP","In 2017 constant prices at 2017 USD PPPs","2005","2005","USD","US Dollar","0","Units","2016","2016",55564.2548573321,,
"LUX","Luxembourg","USDPPP","In 2017 constant prices at 2017 USD PPPs","2006","2006","USD","US Dollar","0","Units","2016","2016",56294.0336903974,,
"LUX","Luxembourg","USDPPP","In 2017 constant prices at 2017 USD PPPs","2007","2007","USD","US Dollar","0","Units","2016","2016",57770.9499289512,,
"LUX","Luxembourg","USDPPP","In 2017 constant prices at 2017 USD PPPs","2008","2008","USD","US Dollar","0","Units","2016","2016",57659.5771882232,,
"LUX","Luxembourg","USDPPP","In 2017 constant prices at 2017 USD PPPs","2009","2009","USD","US Dollar","0","Units","2016","2016",59255.4192305699,,
"LUX","Luxembourg","USDPPP","In 2017 constant prices at 2017 USD PPPs","2010","2010","USD","US Dollar","0","Units","2016","2016",59860.1299842472,,
"LUX","Luxembourg","USDPPP","In 2017 constant prices at 2017 USD PPPs","2011","2011","USD","US Dollar","0","Units","2016","2016",58816.5292313778,,
"LUX","Luxembourg","USDPPP","In 2017 constant prices at 2017 USD PPPs","2012","2012","USD","US Dollar","0","Units","2016","2016",58486.3537878323,,
"LUX","Luxembourg","USDPPP","In 2017 constant prices at 2017 USD PPPs","2013","2013","USD","US Dollar","0","Units","2016","2016",58813.1948445968,,
"LUX","Luxembourg","USDPPP","In 2017 constant prices at 2017 USD PPPs","2014","2014","USD","US Dollar","0","Units","2016","2016",59928.2629419462,,
"LUX","Luxembourg","USDPPP","In 2017 constant prices at 2017 USD PPPs","2015","2015","USD","US Dollar","0","Units","2016","2016",61975.0971464396,,
"LUX","Luxembourg","USDPPP","In 2017 constant prices at 2017 USD PPPs","2016","2016","USD","US Dollar","0","Units","2016","2016",62090.9002076502,,
"LUX","Luxembourg","USDPPP","In 2017 constant prices at 2017 USD PPPs","2017","2017","USD","US Dollar","0","Units","2016","2016",63062.2057815491,,
"NLD","Netherlands","USDPPP","In 2017 constant prices at 2017 USD PPPs","2000","2000","USD","US Dollar","0","Units","2016","2016",47595.6865117716,,
"NLD","Netherlands","USDPPP","In 2017 constant prices at 2017 USD PPPs","2001","2001","USD","US Dollar","0","Units","2016","2016",48232.2595864321,,
"NLD","Netherlands","USDPPP","In 2017 constant prices at 2017 USD PPPs","2002","2002","USD","US Dollar","0","Units","2016","2016",48535.1483875223,,
"NLD","Netherlands","USDPPP","In 2017 constant prices at 2017 USD PPPs","2003","2003","USD","US Dollar","0","Units","2016","2016",49059.9083047192,,
"NLD","Netherlands","USDPPP","In 2017 constant prices at 2017 USD PPPs","2004","2004","USD","US Dollar","0","Units","2016","2016",49775.5356260198,,
"NLD","Netherlands","USDPPP","In 2017 constant prices at 2017 USD PPPs","2005","2005","USD","US Dollar","0","Units","2016","2016",49939.2727342628,,
"NLD","Netherlands","USDPPP","In 2017 constant prices at 2017 USD PPPs","2006","2006","USD","US Dollar","0","Units","2016","2016",49898.8072663781,,
"NLD","Netherlands","USDPPP","In 2017 constant prices at 2017 USD PPPs","2007","2007","USD","US Dollar","0","Units","2016","2016",50457.3861687148,,
"NLD","Netherlands","USDPPP","In 2017 constant prices at 2017 USD PPPs","2008","2008","USD","US Dollar","0","Units","2016","2016",50757.3203349229,,
"NLD","Netherlands","USDPPP","In 2017 constant prices at 2017 USD PPPs","2009","2009","USD","US Dollar","0","Units","2016","2016",52734.3788724019,,
"NLD","Netherlands","USDPPP","In 2017 constant prices at 2017 USD PPPs","2010","2010","USD","US Dollar","0","Units","2016","2016",53022.9980981485,,
"NLD","Netherlands","USDPPP","In 2017 constant prices at 2017 USD PPPs","2011","2011","USD","US Dollar","0","Units","2016","2016",52667.6166743346,,
"NLD","Netherlands","USDPPP","In 2017 constant prices at 2017 USD PPPs","2012","2012","USD","US Dollar","0","Units","2016","2016",52781.2218865497,,
"NLD","Netherlands","USDPPP","In 2017 constant prices at 2017 USD PPPs","2013","2013","USD","US Dollar","0","Units","2016","2016",52807.5245027614,,
"NLD","Netherlands","USDPPP","In 2017 constant prices at 2017 USD PPPs","2014","2014","USD","US Dollar","0","Units","2016","2016",52601.862745467,,
"NLD","Netherlands","USDPPP","In 2017 constant prices at 2017 USD PPPs","2015","2015","USD","US Dollar","0","Units","2016","2016",53170.9604153299,,
"NLD","Netherlands","USDPPP","In 2017 constant prices at 2017 USD PPPs","2016","2016","USD","US Dollar","0","Units","2016","2016",53294.8852909138,,
"NLD","Netherlands","USDPPP","In 2017 constant prices at 2017 USD PPPs","2017","2017","USD","US Dollar","0","Units","2016","2016",52876.5052161169,,
"NOR","Norway","USDPPP","In 2017 constant prices at 2017 USD PPPs","2000","2000","USD","US Dollar","0","Units","2016","2016",36378.4951153208,,
"NOR","Norway","USDPPP","In 2017 constant prices at 2017 USD PPPs","2001","2001","USD","US Dollar","0","Units","2016","2016",37305.0584949127,,
"NOR","Norway","USDPPP","In 2017 constant prices at 2017 USD PPPs","2002","2002","USD","US Dollar","0","Units","2016","2016",38783.1835889096,,
"NOR","Norway","USDPPP","In 2017 constant prices at 2017 USD PPPs","2003","2003","USD","US Dollar","0","Units","2016","2016",39260.2312085048,,
"NOR","Norway","USDPPP","In 2017 constant prices at 2017 USD PPPs","2004","2004","USD","US Dollar","0","Units","2016","2016",40531.2208944388,,
"NOR","Norway","USDPPP","In 2017 constant prices at 2017 USD PPPs","2005","2005","USD","US Dollar","0","Units","2016","2016",41679.4890213587,,
"NOR","Norway","USDPPP","In 2017 constant prices at 2017 USD PPPs","2006","2006","USD","US Dollar","0","Units","2016","2016",43315.2804726776,,
"NOR","Norway","USDPPP","In 2017 constant prices at 2017 USD PPPs","2007","2007","USD","US Dollar","0","Units","2016","2016",45166.4962927301,,
"NOR","Norway","USDPPP","In 2017 constant prices at 2017 USD PPPs","2008","2008","USD","US Dollar","0","Units","2016","2016",46198.278361082,,
"NOR","Norway","USDPPP","In 2017 constant prices at 2017 USD PPPs","2009","2009","USD","US Dollar","0","Units","2016","2016",46682.8738768792,,
"NOR","Norway","USDPPP","In 2017 constant prices at 2017 USD PPPs","2010","2010","USD","US Dollar","0","Units","2016","2016",47309.6356983838,,
"NOR","Norway","USDPPP","In 2017 constant prices at 2017 USD PPPs","2011","2011","USD","US Dollar","0","Units","2016","2016",48897.1443937599,,
"NOR","Norway","USDPPP","In 2017 constant prices at 2017 USD PPPs","2012","2012","USD","US Dollar","0","Units","2016","2016",50226.6543932748,,
"NOR","Norway","USDPPP","In 2017 constant prices at 2017 USD PPPs","2013","2013","USD","US Dollar","0","Units","2016","2016",51235.8426026097,,
"NOR","Norway","USDPPP","In 2017 constant prices at 2017 USD PPPs","2014","2014","USD","US Dollar","0","Units","2016","2016",51414.7292185944,,
"NOR","Norway","USDPPP","In 2017 constant prices at 2017 USD PPPs","2015","2015","USD","US Dollar","0","Units","2016","2016",51662.6681639317,,
"NOR","Norway","USDPPP","In 2017 constant prices at 2017 USD PPPs","2016","2016","USD","US Dollar","0","Units","2016","2016",50824.869699419,,
"NOR","Norway","USDPPP","In 2017 constant prices at 2017 USD PPPs","2017","2017","USD","US Dollar","0","Units","2016","2016",51212.2142242616,,
"POL","Poland","USDPPP","In 2017 constant prices at 2017 USD PPPs","2000","2000","USD","US Dollar","0","Units","2016","2016",20147.8625348615,,
"POL","Poland","USDPPP","In 2017 constant prices at 2017 USD PPPs","2001","2001","USD","US Dollar","0","Units","2016","2016",21299.1871928095,,
"POL","Poland","USDPPP","In 2017 constant prices at 2017 USD PPPs","2002","2002","USD","US Dollar","0","Units","2016","2016",21242.3771166165,,
"POL","Poland","USDPPP","In 2017 constant prices at 2017 USD PPPs","2003","2003","USD","US Dollar","0","Units","2016","2016",21503.059035182,,
"POL","Poland","USDPPP","In 2017 constant prices at 2017 USD PPPs","2004","2004","USD","US Dollar","0","Units","2016","2016",20874.2975558407,,
"POL","Poland","USDPPP","In 2017 constant prices at 2017 USD PPPs","2005","2005","USD","US Dollar","0","Units","2016","2016",20794.3468125372,,
"POL","Poland","USDPPP","In 2017 constant prices at 2017 USD PPPs","2006","2006","USD","US Dollar","0","Units","2016","2016",20957.6426329847,,
"POL","Poland","USDPPP","In 2017 constant prices at 2017 USD PPPs","2007","2007","USD","US Dollar","0","Units","2016","2016",21478.3917876024,,
"POL","Poland","USDPPP","In 2017 constant prices at 2017 USD PPPs","2008","2008","USD","US Dollar","0","Units","2016","2016",22713.4762457927,,
"POL","Poland","USDPPP","In 2017 constant prices at 2017 USD PPPs","2009","2009","USD","US Dollar","0","Units","2016","2016",22671.3399301802,,
"POL","Poland","USDPPP","In 2017 constant prices at 2017 USD PPPs","2010","2010","USD","US Dollar","0","Units","2016","2016",23608.3123668669,,
"POL","Poland","USDPPP","In 2017 constant prices at 2017 USD PPPs","2011","2011","USD","US Dollar","0","Units","2016","2016",23610.1908707761,,
"POL","Poland","USDPPP","In 2017 constant prices at 2017 USD PPPs","2012","2012","USD","US Dollar","0","Units","2016","2016",23401.8733028706,,
"POL","Poland","USDPPP","In 2017 constant prices at 2017 USD PPPs","2013","2013","USD","US Dollar","0","Units","2016","2016",23668.8068490314,,
"POL","Poland","USDPPP","In 2017 constant prices at 2017 USD PPPs","2014","2014","USD","US Dollar","0","Units","2016","2016",24150.7821003733,,
"POL","Poland","USDPPP","In 2017 constant prices at 2017 USD PPPs","2015","2015","USD","US Dollar","0","Units","2016","2016",24680.0727838435,,
"POL","Poland","USDPPP","In 2017 constant prices at 2017 USD PPPs","2016","2016","USD","US Dollar","0","Units","2016","2016",25878.9078035933,,
"POL","Poland","USDPPP","In 2017 constant prices at 2017 USD PPPs","2017","2017","USD","US Dollar","0","Units","2016","2016",27046.0965519544,,
"PRT","Portugal","USDPPP","In 2017 constant prices at 2017 USD PPPs","2000","2000","USD","US Dollar","0","Units","2016","2016",26382.6818072278,,
"PRT","Portugal","USDPPP","In 2017 constant prices at 2017 USD PPPs","2001","2001","USD","US Dollar","0","Units","2016","2016",26498.2398515119,,
"PRT","Portugal","USDPPP","In 2017 constant prices at 2017 USD PPPs","2002","2002","USD","US Dollar","0","Units","2016","2016",26485.4405534098,,
"PRT","Portugal","USDPPP","In 2017 constant prices at 2017 USD PPPs","2003","2003","USD","US Dollar","0","Units","2016","2016",26416.3273275236,,
"PRT","Portugal","USDPPP","In 2017 constant prices at 2017 USD PPPs","2004","2004","USD","US Dollar","0","Units","2016","2016",26461.8904452759,,
"PRT","Portugal","USDPPP","In 2017 constant prices at 2017 USD PPPs","2005","2005","USD","US Dollar","0","Units","2016","2016",26309.5010320797,,
"PRT","Portugal","USDPPP","In 2017 constant prices at 2017 USD PPPs","2006","2006","USD","US Dollar","0","Units","2016","2016",25740.0227038482,,
"PRT","Portugal","USDPPP","In 2017 constant prices at 2017 USD PPPs","2007","2007","USD","US Dollar","0","Units","2016","2016",25921.4741746659,,
"PRT","Portugal","USDPPP","In 2017 constant prices at 2017 USD PPPs","2008","2008","USD","US Dollar","0","Units","2016","2016",25837.2573928631,,
"PRT","Portugal","USDPPP","In 2017 constant prices at 2017 USD PPPs","2009","2009","USD","US Dollar","0","Units","2016","2016",27030.7771469246,,
"PRT","Portugal","USDPPP","In 2017 constant prices at 2017 USD PPPs","2010","2010","USD","US Dollar","0","Units","2016","2016",26927.4326676759,,
"PRT","Portugal","USDPPP","In 2017 constant prices at 2017 USD PPPs","2011","2011","USD","US Dollar","0","Units","2016","2016",26287.2650544373,,
"PRT","Portugal","USDPPP","In 2017 constant prices at 2017 USD PPPs","2012","2012","USD","US Dollar","0","Units","2016","2016",25151.4025188665,,
"PRT","Portugal","USDPPP","In 2017 constant prices at 2017 USD PPPs","2013","2013","USD","US Dollar","0","Units","2016","2016",25668.1580696662,,
"PRT","Portugal","USDPPP","In 2017 constant prices at 2017 USD PPPs","2014","2014","USD","US Dollar","0","Units","2016","2016",25216.9176245415,,
"PRT","Portugal","USDPPP","In 2017 constant prices at 2017 USD PPPs","2015","2015","USD","US Dollar","0","Units","2016","2016",25164.4538074836,,
"PRT","Portugal","USDPPP","In 2017 constant prices at 2017 USD PPPs","2016","2016","USD","US Dollar","0","Units","2016","2016",25362.3486242956,,
"PRT","Portugal","USDPPP","In 2017 constant prices at 2017 USD PPPs","2017","2017","USD","US Dollar","0","Units","2016","2016",25366.5016777539,,
"SVK","Slovak Republic","USDPPP","In 2017 constant prices at 2017 USD PPPs","2000","2000","USD","US Dollar","0","Units","2016","2016",15860.9430942746,,
"SVK","Slovak Republic","USDPPP","In 2017 constant prices at 2017 USD PPPs","2001","2001","USD","US Dollar","0","Units","2016","2016",15849.7506797,,
"SVK","Slovak Republic","USDPPP","In 2017 constant prices at 2017 USD PPPs","2002","2002","USD","US Dollar","0","Units","2016","2016",16682.7188341025,,
"SVK","Slovak Republic","USDPPP","In 2017 constant prices at 2017 USD PPPs","2003","2003","USD","US Dollar","0","Units","2016","2016",17046.3233803955,,
"SVK","Slovak Republic","USDPPP","In 2017 constant prices at 2017 USD PPPs","2004","2004","USD","US Dollar","0","Units","2016","2016",17326.5170228168,,
"SVK","Slovak Republic","USDPPP","In 2017 constant prices at 2017 USD PPPs","2005","2005","USD","US Dollar","0","Units","2016","2016",18451.3491513449,,
"SVK","Slovak Republic","USDPPP","In 2017 constant prices at 2017 USD PPPs","2006","2006","USD","US Dollar","0","Units","2016","2016",19062.750121782,,
"SVK","Slovak Republic","USDPPP","In 2017 constant prices at 2017 USD PPPs","2007","2007","USD","US Dollar","0","Units","2016","2016",20234.8556847824,,
"SVK","Slovak Republic","USDPPP","In 2017 constant prices at 2017 USD PPPs","2008","2008","USD","US Dollar","0","Units","2016","2016",20435.9911417666,,
"SVK","Slovak Republic","USDPPP","In 2017 constant prices at 2017 USD PPPs","2009","2009","USD","US Dollar","0","Units","2016","2016",21124.6371093895,,
"SVK","Slovak Republic","USDPPP","In 2017 constant prices at 2017 USD PPPs","2010","2010","USD","US Dollar","0","Units","2016","2016",22055.1138478167,,
"SVK","Slovak Republic","USDPPP","In 2017 constant prices at 2017 USD PPPs","2011","2011","USD","US Dollar","0","Units","2016","2016",21859.1682180707,,
"SVK","Slovak Republic","USDPPP","In 2017 constant prices at 2017 USD PPPs","2012","2012","USD","US Dollar","0","Units","2016","2016",21618.1639308971,,
"SVK","Slovak Republic","USDPPP","In 2017 constant prices at 2017 USD PPPs","2013","2013","USD","US Dollar","0","Units","2016","2016",21781.5919924479,,
"SVK","Slovak Republic","USDPPP","In 2017 constant prices at 2017 USD PPPs","2014","2014","USD","US Dollar","0","Units","2016","2016",22204.1224095907,,
"SVK","Slovak Republic","USDPPP","In 2017 constant prices at 2017 USD PPPs","2015","2015","USD","US Dollar","0","Units","2016","2016",23025.8893546157,,
"SVK","Slovak Republic","USDPPP","In 2017 constant prices at 2017 USD PPPs","2016","2016","USD","US Dollar","0","Units","2016","2016",23800.8915746605,,
"SVK","Slovak Republic","USDPPP","In 2017 constant prices at 2017 USD PPPs","2017","2017","USD","US Dollar","0","Units","2016","2016",24327.9817571446,,
"ESP","Spain","USDPPP","In 2017 constant prices at 2017 USD PPPs","2000","2000","USD","US Dollar","0","Units","2017","2017",36327.474198719,,
"ESP","Spain","USDPPP","In 2017 constant prices at 2017 USD PPPs","2001","2001","USD","US Dollar","0","Units","2017","2017",36319.6843094585,,
"ESP","Spain","USDPPP","In 2017 constant prices at 2017 USD PPPs","2002","2002","USD","US Dollar","0","Units","2017","2017",36587.8584177117,,
"ESP","Spain","USDPPP","In 2017 constant prices at 2017 USD PPPs","2003","2003","USD","US Dollar","0","Units","2017","2017",36489.1663775057,,
"ESP","Spain","USDPPP","In 2017 constant prices at 2017 USD PPPs","2004","2004","USD","US Dollar","0","Units","2017","2017",36112.4325430631,,
"ESP","Spain","USDPPP","In 2017 constant prices at 2017 USD PPPs","2005","2005","USD","US Dollar","0","Units","2017","2017",36322.3907570678,,
"ESP","Spain","USDPPP","In 2017 constant prices at 2017 USD PPPs","2006","2006","USD","US Dollar","0","Units","2017","2017",36184.8195886938,,
"ESP","Spain","USDPPP","In 2017 constant prices at 2017 USD PPPs","2007","2007","USD","US Dollar","0","Units","2017","2017",36658.7314885221,,
"ESP","Spain","USDPPP","In 2017 constant prices at 2017 USD PPPs","2008","2008","USD","US Dollar","0","Units","2017","2017",38133.8682520624,,
"ESP","Spain","USDPPP","In 2017 constant prices at 2017 USD PPPs","2009","2009","USD","US Dollar","0","Units","2017","2017",40716.8754243301,,
"ESP","Spain","USDPPP","In 2017 constant prices at 2017 USD PPPs","2010","2010","USD","US Dollar","0","Units","2017","2017",40018.0521033902,,
"ESP","Spain","USDPPP","In 2017 constant prices at 2017 USD PPPs","2011","2011","USD","US Dollar","0","Units","2017","2017",39450.9332208976,,
"ESP","Spain","USDPPP","In 2017 constant prices at 2017 USD PPPs","2012","2012","USD","US Dollar","0","Units","2017","2017",38328.2306393488,,
"ESP","Spain","USDPPP","In 2017 constant prices at 2017 USD PPPs","2013","2013","USD","US Dollar","0","Units","2017","2017",38415.6997772412,,
"ESP","Spain","USDPPP","In 2017 constant prices at 2017 USD PPPs","2014","2014","USD","US Dollar","0","Units","2017","2017",38422.0115045553,,
"ESP","Spain","USDPPP","In 2017 constant prices at 2017 USD PPPs","2015","2015","USD","US Dollar","0","Units","2017","2017",39338.9353619615,,
"ESP","Spain","USDPPP","In 2017 constant prices at 2017 USD PPPs","2016","2016","USD","US Dollar","0","Units","2017","2017",39196.0989726629,,
"ESP","Spain","USDPPP","In 2017 constant prices at 2017 USD PPPs","2017","2017","USD","US Dollar","0","Units","2017","2017",38507.4944144873,,
"SWE","Sweden","USDPPP","In 2017 constant prices at 2017 USD PPPs","2000","2000","USD","US Dollar","0","Units","2016","2016",32983.9932294897,,
"SWE","Sweden","USDPPP","In 2017 constant prices at 2017 USD PPPs","2001","2001","USD","US Dollar","0","Units","2016","2016",33167.4158821938,,
"SWE","Sweden","USDPPP","In 2017 constant prices at 2017 USD PPPs","2002","2002","USD","US Dollar","0","Units","2016","2016",33441.1005552438,,
"SWE","Sweden","USDPPP","In 2017 constant prices at 2017 USD PPPs","2003","2003","USD","US Dollar","0","Units","2016","2016",33855.7729169988,,
"SWE","Sweden","USDPPP","In 2017 constant prices at 2017 USD PPPs","2004","2004","USD","US Dollar","0","Units","2016","2016",34887.1925126655,,
"SWE","Sweden","USDPPP","In 2017 constant prices at 2017 USD PPPs","2005","2005","USD","US Dollar","0","Units","2016","2016",35567.6607114226,,
"SWE","Sweden","USDPPP","In 2017 constant prices at 2017 USD PPPs","2006","2006","USD","US Dollar","0","Units","2016","2016",36425.8141045282,,
"SWE","Sweden","USDPPP","In 2017 constant prices at 2017 USD PPPs","2007","2007","USD","US Dollar","0","Units","2016","2016",37600.92179894,,
"SWE","Sweden","USDPPP","In 2017 constant prices at 2017 USD PPPs","2008","2008","USD","US Dollar","0","Units","2016","2016",38121.9709734893,,
"SWE","Sweden","USDPPP","In 2017 constant prices at 2017 USD PPPs","2009","2009","USD","US Dollar","0","Units","2016","2016",38371.535363473,,
"SWE","Sweden","USDPPP","In 2017 constant prices at 2017 USD PPPs","2010","2010","USD","US Dollar","0","Units","2016","2016",38600.5854391631,,
"SWE","Sweden","USDPPP","In 2017 constant prices at 2017 USD PPPs","2011","2011","USD","US Dollar","0","Units","2016","2016",39085.1372344394,,
"SWE","Sweden","USDPPP","In 2017 constant prices at 2017 USD PPPs","2012","2012","USD","US Dollar","0","Units","2016","2016",39948.5824335321,,
"SWE","Sweden","USDPPP","In 2017 constant prices at 2017 USD PPPs","2013","2013","USD","US Dollar","0","Units","2016","2016",40366.1406882961,,
"SWE","Sweden","USDPPP","In 2017 constant prices at 2017 USD PPPs","2014","2014","USD","US Dollar","0","Units","2016","2016",40777.796931324,,
"SWE","Sweden","USDPPP","In 2017 constant prices at 2017 USD PPPs","2015","2015","USD","US Dollar","0","Units","2016","2016",41467.0510335515,,
"SWE","Sweden","USDPPP","In 2017 constant prices at 2017 USD PPPs","2016","2016","USD","US Dollar","0","Units","2016","2016",42154.4897851354,,
"SWE","Sweden","USDPPP","In 2017 constant prices at 2017 USD PPPs","2017","2017","USD","US Dollar","0","Units","2016","2016",42392.7553925393,,
"CHE","Switzerland","USDPPP","In 2017 constant prices at 2017 USD PPPs","2000","2000","USD","US Dollar","0","Units","2017","2017",54405.284063209,,
"CHE","Switzerland","USDPPP","In 2017 constant prices at 2017 USD PPPs","2001","2001","USD","US Dollar","0","Units","2017","2017",56435.1702671939,,
"CHE","Switzerland","USDPPP","In 2017 constant prices at 2017 USD PPPs","2002","2002","USD","US Dollar","0","Units","2017","2017",57314.6101143051,,
"CHE","Switzerland","USDPPP","In 2017 constant prices at 2017 USD PPPs","2003","2003","USD","US Dollar","0","Units","2017","2017",57167.661706471,,
"CHE","Switzerland","USDPPP","In 2017 constant prices at 2017 USD PPPs","2004","2004","USD","US Dollar","0","Units","2017","2017",56674.8508489926,,
"CHE","Switzerland","USDPPP","In 2017 constant prices at 2017 USD PPPs","2005","2005","USD","US Dollar","0","Units","2017","2017",57534.5998691438,,
"CHE","Switzerland","USDPPP","In 2017 constant prices at 2017 USD PPPs","2006","2006","USD","US Dollar","0","Units","2017","2017",57889.0932933356,,
"CHE","Switzerland","USDPPP","In 2017 constant prices at 2017 USD PPPs","2007","2007","USD","US Dollar","0","Units","2017","2017",58745.6819282574,,
"CHE","Switzerland","USDPPP","In 2017 constant prices at 2017 USD PPPs","2008","2008","USD","US Dollar","0","Units","2017","2017",59056.5523566867,,
"CHE","Switzerland","USDPPP","In 2017 constant prices at 2017 USD PPPs","2009","2009","USD","US Dollar","0","Units","2017","2017",60255.1031163132,,
"CHE","Switzerland","USDPPP","In 2017 constant prices at 2017 USD PPPs","2010","2010","USD","US Dollar","0","Units","2017","2017",60400.2035023445,,
"CHE","Switzerland","USDPPP","In 2017 constant prices at 2017 USD PPPs","2011","2011","USD","US Dollar","0","Units","2017","2017",60502.5122840157,,
"CHE","Switzerland","USDPPP","In 2017 constant prices at 2017 USD PPPs","2012","2012","USD","US Dollar","0","Units","2017","2017",61567.3673906285,,
"CHE","Switzerland","USDPPP","In 2017 constant prices at 2017 USD PPPs","2013","2013","USD","US Dollar","0","Units","2017","2017",62516.0528153685,,
"CHE","Switzerland","USDPPP","In 2017 constant prices at 2017 USD PPPs","2014","2014","USD","US Dollar","0","Units","2017","2017",62616.2171513568,,
"CHE","Switzerland","USDPPP","In 2017 constant prices at 2017 USD PPPs","2015","2015","USD","US Dollar","0","Units","2017","2017",62495.2828450202,,
"CHE","Switzerland","USDPPP","In 2017 constant prices at 2017 USD PPPs","2016","2016","USD","US Dollar","0","Units","2017","2017",62369.7478854347,,
"CHE","Switzerland","USDPPP","In 2017 constant prices at 2017 USD PPPs","2017","2017","USD","US Dollar","0","Units","2017","2017",62282.5688602117,,
"GBR","United Kingdom","USDPPP","In 2017 constant prices at 2017 USD PPPs","2000","2000","USD","US Dollar","0","Units","2016","2016",38110.3578014889,,
"GBR","United Kingdom","USDPPP","In 2017 constant prices at 2017 USD PPPs","2001","2001","USD","US Dollar","0","Units","2016","2016",40036.0948698333,,
"GBR","United Kingdom","USDPPP","In 2017 constant prices at 2017 USD PPPs","2002","2002","USD","US Dollar","0","Units","2016","2016",40690.3540371997,,
"GBR","United Kingdom","USDPPP","In 2017 constant prices at 2017 USD PPPs","2003","2003","USD","US Dollar","0","Units","2016","2016",41771.1705897227,,
"GBR","United Kingdom","USDPPP","In 2017 constant prices at 2017 USD PPPs","2004","2004","USD","US Dollar","0","Units","2016","2016",42751.4963705009,,
"GBR","United Kingdom","USDPPP","In 2017 constant prices at 2017 USD PPPs","2005","2005","USD","US Dollar","0","Units","2016","2016",42630.4673885108,,
"GBR","United Kingdom","USDPPP","In 2017 constant prices at 2017 USD PPPs","2006","2006","USD","US Dollar","0","Units","2016","2016",43627.4311733532,,
"GBR","United Kingdom","USDPPP","In 2017 constant prices at 2017 USD PPPs","2007","2007","USD","US Dollar","0","Units","2016","2016",44897.2303133629,,
"GBR","United Kingdom","USDPPP","In 2017 constant prices at 2017 USD PPPs","2008","2008","USD","US Dollar","0","Units","2016","2016",43724.120889231,,
"GBR","United Kingdom","USDPPP","In 2017 constant prices at 2017 USD PPPs","2009","2009","USD","US Dollar","0","Units","2016","2016",44464.9501967215,,
"GBR","United Kingdom","USDPPP","In 2017 constant prices at 2017 USD PPPs","2010","2010","USD","US Dollar","0","Units","2016","2016",44520.5286411349,,
"GBR","United Kingdom","USDPPP","In 2017 constant prices at 2017 USD PPPs","2011","2011","USD","US Dollar","0","Units","2016","2016",43369.939455965,,
"GBR","United Kingdom","USDPPP","In 2017 constant prices at 2017 USD PPPs","2012","2012","USD","US Dollar","0","Units","2016","2016",43105.0849175443,,
"GBR","United Kingdom","USDPPP","In 2017 constant prices at 2017 USD PPPs","2013","2013","USD","US Dollar","0","Units","2016","2016",43153.9886368667,,
"GBR","United Kingdom","USDPPP","In 2017 constant prices at 2017 USD PPPs","2014","2014","USD","US Dollar","0","Units","2016","2016",42781.9138848303,,
"GBR","United Kingdom","USDPPP","In 2017 constant prices at 2017 USD PPPs","2015","2015","USD","US Dollar","0","Units","2016","2016",43152.1720562389,,
"GBR","United Kingdom","USDPPP","In 2017 constant prices at 2017 USD PPPs","2016","2016","USD","US Dollar","0","Units","2016","2016",43712.6196635994,,
"GBR","United Kingdom","USDPPP","In 2017 constant prices at 2017 USD PPPs","2017","2017","USD","US Dollar","0","Units","2016","2016",43731.542692694,,
"SVN","Slovenia","USDPPP","In 2017 constant prices at 2017 USD PPPs","2000","2000","USD","US Dollar","0","Units","2016","2016",26448.466236896,,
"SVN","Slovenia","USDPPP","In 2017 constant prices at 2017 USD PPPs","2001","2001","USD","US Dollar","0","Units","2016","2016",27513.2132372695,,
"SVN","Slovenia","USDPPP","In 2017 constant prices at 2017 USD PPPs","2002","2002","USD","US Dollar","0","Units","2016","2016",27595.6070870453,,
"SVN","Slovenia","USDPPP","In 2017 constant prices at 2017 USD PPPs","2003","2003","USD","US Dollar","0","Units","2016","2016",28175.5468978229,,
"SVN","Slovenia","USDPPP","In 2017 constant prices at 2017 USD PPPs","2004","2004","USD","US Dollar","0","Units","2016","2016",29571.7837338513,,
"SVN","Slovenia","USDPPP","In 2017 constant prices at 2017 USD PPPs","2005","2005","USD","US Dollar","0","Units","2016","2016",30688.7464394495,,
"SVN","Slovenia","USDPPP","In 2017 constant prices at 2017 USD PPPs","2006","2006","USD","US Dollar","0","Units","2016","2016",31678.341063254,,
"SVN","Slovenia","USDPPP","In 2017 constant prices at 2017 USD PPPs","2007","2007","USD","US Dollar","0","Units","2016","2016",32368.2361644724,,
"SVN","Slovenia","USDPPP","In 2017 constant prices at 2017 USD PPPs","2008","2008","USD","US Dollar","0","Units","2016","2016",32855.6071457923,,
"SVN","Slovenia","USDPPP","In 2017 constant prices at 2017 USD PPPs","2009","2009","USD","US Dollar","0","Units","2016","2016",33166.4974124456,,
"SVN","Slovenia","USDPPP","In 2017 constant prices at 2017 USD PPPs","2010","2010","USD","US Dollar","0","Units","2016","2016",34188.9046748403,,
"SVN","Slovenia","USDPPP","In 2017 constant prices at 2017 USD PPPs","2011","2011","USD","US Dollar","0","Units","2016","2016",34047.0133538648,,
"SVN","Slovenia","USDPPP","In 2017 constant prices at 2017 USD PPPs","2012","2012","USD","US Dollar","0","Units","2016","2016",32965.3872791306,,
"SVN","Slovenia","USDPPP","In 2017 constant prices at 2017 USD PPPs","2013","2013","USD","US Dollar","0","Units","2016","2016",32506.3604595362,,
"SVN","Slovenia","USDPPP","In 2017 constant prices at 2017 USD PPPs","2014","2014","USD","US Dollar","0","Units","2016","2016",33045.4909388131,,
"SVN","Slovenia","USDPPP","In 2017 constant prices at 2017 USD PPPs","2015","2015","USD","US Dollar","0","Units","2016","2016",33699.331893987,,
"SVN","Slovenia","USDPPP","In 2017 constant prices at 2017 USD PPPs","2016","2016","USD","US Dollar","0","Units","2016","2016",34732.3770193207,,
"SVN","Slovenia","USDPPP","In 2017 constant prices at 2017 USD PPPs","2017","2017","USD","US Dollar","0","Units","2016","2016",34932.728296191,,
"EST","Estonia","USDPPP","In 2017 constant prices at 2017 USD PPPs","2000","2000","USD","US Dollar","0","Units","2017","2017",12247.7773889792,,
"EST","Estonia","USDPPP","In 2017 constant prices at 2017 USD PPPs","2001","2001","USD","US Dollar","0","Units","2017","2017",12727.4447426487,,
"EST","Estonia","USDPPP","In 2017 constant prices at 2017 USD PPPs","2002","2002","USD","US Dollar","0","Units","2017","2017",13499.735464309,,
"EST","Estonia","USDPPP","In 2017 constant prices at 2017 USD PPPs","2003","2003","USD","US Dollar","0","Units","2017","2017",14719.4814369256,,
"EST","Estonia","USDPPP","In 2017 constant prices at 2017 USD PPPs","2004","2004","USD","US Dollar","0","Units","2017","2017",15820.0538824489,,
"EST","Estonia","USDPPP","In 2017 constant prices at 2017 USD PPPs","2005","2005","USD","US Dollar","0","Units","2017","2017",16771.1021151021,,
"EST","Estonia","USDPPP","In 2017 constant prices at 2017 USD PPPs","2006","2006","USD","US Dollar","0","Units","2017","2017",18191.2590458325,,
"EST","Estonia","USDPPP","In 2017 constant prices at 2017 USD PPPs","2007","2007","USD","US Dollar","0","Units","2017","2017",21124.6968595723,,
"EST","Estonia","USDPPP","In 2017 constant prices at 2017 USD PPPs","2008","2008","USD","US Dollar","0","Units","2017","2017",21396.4194937383,,
"EST","Estonia","USDPPP","In 2017 constant prices at 2017 USD PPPs","2009","2009","USD","US Dollar","0","Units","2017","2017",20673.085769525,,
"EST","Estonia","USDPPP","In 2017 constant prices at 2017 USD PPPs","2010","2010","USD","US Dollar","0","Units","2017","2017",20561.4025969941,,
"EST","Estonia","USDPPP","In 2017 constant prices at 2017 USD PPPs","2011","2011","USD","US Dollar","0","Units","2017","2017",19714.8326896726,,
"EST","Estonia","USDPPP","In 2017 constant prices at 2017 USD PPPs","2012","2012","USD","US Dollar","0","Units","2017","2017",20531.8185148096,,
"EST","Estonia","USDPPP","In 2017 constant prices at 2017 USD PPPs","2013","2013","USD","US Dollar","0","Units","2017","2017",20823.7751549607,,
"EST","Estonia","USDPPP","In 2017 constant prices at 2017 USD PPPs","2014","2014","USD","US Dollar","0","Units","2017","2017",21970.6710567653,,
"EST","Estonia","USDPPP","In 2017 constant prices at 2017 USD PPPs","2015","2015","USD","US Dollar","0","Units","2017","2017",22839.678852084,,
"EST","Estonia","USDPPP","In 2017 constant prices at 2017 USD PPPs","2016","2016","USD","US Dollar","0","Units","2017","2017",23935.4331284194,,
"EST","Estonia","USDPPP","In 2017 constant prices at 2017 USD PPPs","2017","2017","USD","US Dollar","0","Units","2017","2017",24335.9751038841,,
"ISL","Iceland","USDPPP","In 2017 constant prices at 2017 USD PPPs","2000","2000","USD","US Dollar","0","Units","2016","2016",45708.3237601044,,
"ISL","Iceland","USDPPP","In 2017 constant prices at 2017 USD PPPs","2001","2001","USD","US Dollar","0","Units","2016","2016",45410.541346608,,
"ISL","Iceland","USDPPP","In 2017 constant prices at 2017 USD PPPs","2002","2002","USD","US Dollar","0","Units","2016","2016",46717.8588861425,,
"ISL","Iceland","USDPPP","In 2017 constant prices at 2017 USD PPPs","2003","2003","USD","US Dollar","0","Units","2016","2016",45512.5353589283,,
"ISL","Iceland","USDPPP","In 2017 constant prices at 2017 USD PPPs","2004","2004","USD","US Dollar","0","Units","2016","2016",48585.7364268808,,
"ISL","Iceland","USDPPP","In 2017 constant prices at 2017 USD PPPs","2005","2005","USD","US Dollar","0","Units","2016","2016",52384.6825949625,,
"ISL","Iceland","USDPPP","In 2017 constant prices at 2017 USD PPPs","2006","2006","USD","US Dollar","0","Units","2016","2016",54729.6345273829,,
"ISL","Iceland","USDPPP","In 2017 constant prices at 2017 USD PPPs","2007","2007","USD","US Dollar","0","Units","2016","2016",56155.915671976,,
"ISL","Iceland","USDPPP","In 2017 constant prices at 2017 USD PPPs","2008","2008","USD","US Dollar","0","Units","2016","2016",49839.3557982732,,
"ISL","Iceland","USDPPP","In 2017 constant prices at 2017 USD PPPs","2009","2009","USD","US Dollar","0","Units","2016","2016",42617.8246327908,,
"ISL","Iceland","USDPPP","In 2017 constant prices at 2017 USD PPPs","2010","2010","USD","US Dollar","0","Units","2016","2016",44557.7137098792,,
"ISL","Iceland","USDPPP","In 2017 constant prices at 2017 USD PPPs","2011","2011","USD","US Dollar","0","Units","2016","2016",46773.7655533638,,
"ISL","Iceland","USDPPP","In 2017 constant prices at 2017 USD PPPs","2012","2012","USD","US Dollar","0","Units","2016","2016",46953.4181329982,,
"ISL","Iceland","USDPPP","In 2017 constant prices at 2017 USD PPPs","2013","2013","USD","US Dollar","0","Units","2016","2016",47910.2097742858,,
"ISL","Iceland","USDPPP","In 2017 constant prices at 2017 USD PPPs","2014","2014","USD","US Dollar","0","Units","2016","2016",48233.6896758778,,
"ISL","Iceland","USDPPP","In 2017 constant prices at 2017 USD PPPs","2015","2015","USD","US Dollar","0","Units","2016","2016",51758.6170530446,,
"ISL","Iceland","USDPPP","In 2017 constant prices at 2017 USD PPPs","2016","2016","USD","US Dollar","0","Units","2016","2016",56093.5853787221,,
"ISL","Iceland","USDPPP","In 2017 constant prices at 2017 USD PPPs","2017","2017","USD","US Dollar","0","Units","2016","2016",61786.8873117399,,
"LVA","Latvia","USDPPP","In 2017 constant prices at 2017 USD PPPs","2000","2000","USD","US Dollar","0","Units","2016","2016",10641.7357244874,,
"LVA","Latvia","USDPPP","In 2017 constant prices at 2017 USD PPPs","2001","2001","USD","US Dollar","0","Units","2016","2016",11002.3866211088,,
"LVA","Latvia","USDPPP","In 2017 constant prices at 2017 USD PPPs","2002","2002","USD","US Dollar","0","Units","2016","2016",10653.6390969875,,
"LVA","Latvia","USDPPP","In 2017 constant prices at 2017 USD PPPs","2003","2003","USD","US Dollar","0","Units","2016","2016",11446.2619218138,,
"LVA","Latvia","USDPPP","In 2017 constant prices at 2017 USD PPPs","2004","2004","USD","US Dollar","0","Units","2016","2016",12393.7716823549,,
"LVA","Latvia","USDPPP","In 2017 constant prices at 2017 USD PPPs","2005","2005","USD","US Dollar","0","Units","2016","2016",14424.9804623243,,
"LVA","Latvia","USDPPP","In 2017 constant prices at 2017 USD PPPs","2006","2006","USD","US Dollar","0","Units","2016","2016",15923.0248975676,,
"LVA","Latvia","USDPPP","In 2017 constant prices at 2017 USD PPPs","2007","2007","USD","US Dollar","0","Units","2016","2016",19642.1805360479,,
"LVA","Latvia","USDPPP","In 2017 constant prices at 2017 USD PPPs","2008","2008","USD","US Dollar","0","Units","2016","2016",20291.6227742549,,
"LVA","Latvia","USDPPP","In 2017 constant prices at 2017 USD PPPs","2009","2009","USD","US Dollar","0","Units","2016","2016",18321.4595582997,,
"LVA","Latvia","USDPPP","In 2017 constant prices at 2017 USD PPPs","2010","2010","USD","US Dollar","0","Units","2016","2016",17601.0895696464,,
"LVA","Latvia","USDPPP","In 2017 constant prices at 2017 USD PPPs","2011","2011","USD","US Dollar","0","Units","2016","2016",16987.9452726834,,
"LVA","Latvia","USDPPP","In 2017 constant prices at 2017 USD PPPs","2012","2012","USD","US Dollar","0","Units","2016","2016",17698.7430288766,,
"LVA","Latvia","USDPPP","In 2017 constant prices at 2017 USD PPPs","2013","2013","USD","US Dollar","0","Units","2016","2016",18546.0195288616,,
"LVA","Latvia","USDPPP","In 2017 constant prices at 2017 USD PPPs","2014","2014","USD","US Dollar","0","Units","2016","2016",19783.0492501142,,
"LVA","Latvia","USDPPP","In 2017 constant prices at 2017 USD PPPs","2015","2015","USD","US Dollar","0","Units","2016","2016",21587.446375434,,
"LVA","Latvia","USDPPP","In 2017 constant prices at 2017 USD PPPs","2016","2016","USD","US Dollar","0","Units","2016","2016",22726.2934400428,,
"LVA","Latvia","USDPPP","In 2017 constant prices at 2017 USD PPPs","2017","2017","USD","US Dollar","0","Units","2016","2016",23683.2583014375,,
"LTU","Lithuania","USDPPP","In 2017 constant prices at 2017 USD PPPs","2000","2000","USD","US Dollar","0","Units","2016","2016",9544.1448060243,,
"LTU","Lithuania","USDPPP","In 2017 constant prices at 2017 USD PPPs","2001","2001","USD","US Dollar","0","Units","2016","2016",10090.7155497016,,
"LTU","Lithuania","USDPPP","In 2017 constant prices at 2017 USD PPPs","2002","2002","USD","US Dollar","0","Units","2016","2016",10532.4625059827,,
"LTU","Lithuania","USDPPP","In 2017 constant prices at 2017 USD PPPs","2003","2003","USD","US Dollar","0","Units","2016","2016",11232.2559474459,,
"LTU","Lithuania","USDPPP","In 2017 constant prices at 2017 USD PPPs","2004","2004","USD","US Dollar","0","Units","2016","2016",12157.152832794,,
"LTU","Lithuania","USDPPP","In 2017 constant prices at 2017 USD PPPs","2005","2005","USD","US Dollar","0","Units","2016","2016",13469.1088984184,,
"LTU","Lithuania","USDPPP","In 2017 constant prices at 2017 USD PPPs","2006","2006","USD","US Dollar","0","Units","2016","2016",15788.041042972,,
"LTU","Lithuania","USDPPP","In 2017 constant prices at 2017 USD PPPs","2007","2007","USD","US Dollar","0","Units","2016","2016",17403.4765992335,,
"LTU","Lithuania","USDPPP","In 2017 constant prices at 2017 USD PPPs","2008","2008","USD","US Dollar","0","Units","2016","2016",19086.8809172176,,
"LTU","Lithuania","USDPPP","In 2017 constant prices at 2017 USD PPPs","2009","2009","USD","US Dollar","0","Units","2016","2016",17519.0056200028,,
"LTU","Lithuania","USDPPP","In 2017 constant prices at 2017 USD PPPs","2010","2010","USD","US Dollar","0","Units","2016","2016",17530.1709328906,,
"LTU","Lithuania","USDPPP","In 2017 constant prices at 2017 USD PPPs","2011","2011","USD","US Dollar","0","Units","2016","2016",18345.1219364369,,
"LTU","Lithuania","USDPPP","In 2017 constant prices at 2017 USD PPPs","2012","2012","USD","US Dollar","0","Units","2016","2016",18854.0271629848,,
"LTU","Lithuania","USDPPP","In 2017 constant prices at 2017 USD PPPs","2013","2013","USD","US Dollar","0","Units","2016","2016",19607.9555360172,,
"LTU","Lithuania","USDPPP","In 2017 constant prices at 2017 USD PPPs","2014","2014","USD","US Dollar","0","Units","2016","2016",20392.8932733805,,
"LTU","Lithuania","USDPPP","In 2017 constant prices at 2017 USD PPPs","2015","2015","USD","US Dollar","0","Units","2016","2016",21416.7244683409,,
"LTU","Lithuania","USDPPP","In 2017 constant prices at 2017 USD PPPs","2016","2016","USD","US Dollar","0","Units","2016","2016",22562.3852919533,,
"LTU","Lithuania","USDPPP","In 2017 constant prices at 2017 USD PPPs","2017","2017","USD","US Dollar","0","Units","2016","2016",24286.869242824,,
